YEAR,MO,DY,ALLSKY_SFC_SW_DWN,CLRSKY_SFC_SW_DWN,ALLSKY_KT,ALLSKY_NKT,T2M,T2MDEW,T2MWET,TS,T2M_RANGE,T2M_MAX,T2M_MIN,QV2M,RH2M,PRECTOTCORR,PS,WS10M,WD10M,WS50M_MAX
2020,1,1,6.07,6.53,0.64,0.78,24.78,22.3,23.54,24.94,8.7,29.55,20.86,17.15,87.06,4.1,98.63,2.68,52.94,5.65
2020,1,2,4.4,6.31,0.46,0.57,24.96,22.86,23.91,25.1,8.38,29.8,21.42,17.76,88.94,7.73,98.69,2.45,51.69,5.87
2020,1,3,4.94,6.34,0.52,0.64,25.11,22.79,23.94,25.32,8.06,29.69,21.62,17.7,87.88,1.2,98.61,2.18,47.44,4.9
2020,1,4,5.37,6.43,0.56,0.7,25.06,22.57,23.82,25.28,8.12,29.8,21.69,17.46,87.06,0.04,98.44,2.34,46.88,5.41
2020,1,5,5.78,6.54,0.61,0.74,24.9,22.52,23.72,25.14,9.53,30.1,20.57,17.46,87.69,3.21,98.42,2.33,49.56,5.08
2020,1,6,5.28,6.57,0.55,0.68,25.1,22.3,23.69,25.33,9.46,29.99,20.54,17.21,85.75,2,98.47,1.67,47.69,4.42
2020,1,7,5.92,6.48,0.62,0.76,25.33,22.63,23.98,25.48,7.22,29.3,22.08,17.58,86,0.18,98.39,1.73,95.31,3.86
2020,1,8,5.14,6.48,0.54,0.66,25.51,23.05,24.28,25.68,7.57,29.92,22.35,18.01,87.12,5.86,98.33,2.12,44.81,4.72
2020,1,9,4.97,6.34,0.52,0.63,25.34,22.97,24.15,25.49,7.99,29.76,21.76,17.94,87.69,7.46,98.31,2.16,43.69,4.88
2020,1,10,5.05,6.37,0.53,0.64,25.67,22.58,24.12,25.81,8.21,30.05,21.84,17.52,84.44,1.39,98.33,1.22,98.25,3.9
2020,1,11,4.29,6.04,0.45,0.55,25.64,22.94,24.29,25.65,5.98,29.27,23.29,17.88,85.69,0.75,98.37,0.81,211.75,2.06
2020,1,12,4.99,6.15,0.52,0.63,26.38,22.78,24.58,26.17,7.12,30.27,23.15,17.76,81.5,14.42,98.3,1.05,200.44,2.57
2020,1,13,4.95,6.14,0.52,0.62,25.37,22.32,23.84,25.58,9.04,30.53,21.49,17.27,84.62,1.26,98.27,1.75,52.62,4.61
2020,1,14,5.31,6.21,0.55,0.67,25.41,22.07,23.74,25.69,9.59,30.68,21.09,16.97,83.31,0.03,98.33,1.99,57.31,4.52
2020,1,15,5.35,6.34,0.55,0.68,25.48,22.42,23.94,25.76,8.91,30.48,21.57,17.33,84.5,1.85,98.39,2.05,52.38,4.83
2020,1,16,5.42,6.23,0.56,0.69,25.81,22.32,24.07,26.15,10.23,31.21,20.98,17.21,82.69,0.85,98.39,1.52,59.69,4.14
2020,1,17,5.64,6.33,0.59,0.71,25.74,22.39,24.06,25.98,9.34,31.02,21.69,17.27,83.19,0.11,98.45,1.97,45.25,4.07
2020,1,18,5.46,6.35,0.56,0.69,25.94,23.07,24.5,26.27,9.62,30.9,21.28,18.07,85.44,5.11,98.38,1.68,60,4.42
2020,1,19,5.14,6.3,0.53,0.64,26.04,23.62,24.83,26.3,8.17,30.64,22.47,18.62,87.44,18.63,98.4,2.24,66.94,5.11
2020,1,20,5.03,6.11,0.52,0.63,26.02,23.37,24.7,26.24,7.99,30.77,22.78,18.37,86.31,1.63,98.47,2.56,65.44,5.34
2020,1,21,4.13,6.38,0.42,0.52,25.22,23.08,24.15,25.32,6.26,29.14,22.88,18.01,88.5,0.91,98.57,2.53,58.31,5.7
2020,1,22,6.3,6.77,0.65,0.78,25.53,22.67,24.1,25.78,9.23,30.64,21.41,17.58,85.56,0.17,98.56,2.2,63.12,5.24
2020,1,23,5.98,6.78,0.62,0.74,25.63,22.58,24.11,25.89,9.73,30.84,21.11,17.52,84.56,0.02,98.46,2.11,53.62,4.77
2020,1,24,6.6,6.89,0.68,0.82,25.43,21.8,23.62,25.66,9.32,30.73,21.41,16.66,81.81,0,98.44,2.35,40.19,5
2020,1,25,6.19,6.85,0.63,0.77,25.23,21.21,23.22,25.52,11.41,31.26,19.84,16.11,80.31,0,98.39,1.68,72.38,4.86
2020,1,26,4.97,6.58,0.51,0.62,25.69,22.6,24.15,26.11,10.85,31.63,20.79,17.58,84.5,0.04,98.34,1.46,150.19,3.6
2020,1,27,3.5,5.92,0.36,0.43,26.56,23.87,25.22,26.76,7.29,30.68,23.39,18.92,86,1.01,98.32,1.34,242.75,3.17
2020,1,28,4.35,5.8,0.45,0.53,26.79,23.85,25.32,27.13,8.04,31.36,23.32,18.92,85.12,2.31,98.34,1.15,133.75,3.56
2020,1,29,1.4,5.86,0.14,0.17,25.29,23.72,24.5,25.33,5.28,28.17,22.89,18.74,91.38,14.8,98.48,1.24,172.88,3.35
2020,1,30,5.3,6.35,0.54,0.65,25.46,22.78,24.12,25.88,9.48,30.76,21.29,17.76,86.38,4.58,98.39,1.16,91.44,3.43
2020,1,31,4.56,6.58,0.46,0.55,24.83,22.63,23.73,24.98,6.73,28.89,22.16,17.52,88.38,3.43,98.46,2.22,45.81,5.23
2020,2,1,4.49,6.59,0.45,0.55,25.4,22.85,24.12,25.61,7.98,30.25,22.26,17.76,86.69,0.71,98.43,2.91,63.56,6.36
2020,2,2,5.61,6.64,0.56,0.68,25.22,21.92,23.57,25.44,8.86,30.48,21.62,16.78,83.25,0.09,98.56,3.14,57.62,6.66
2020,2,3,5.86,6.65,0.59,0.71,24.58,21.01,22.8,24.78,10.55,30.29,19.73,15.87,82.25,0.01,98.56,2.23,52.62,5.55
2020,2,4,5.68,6.64,0.57,0.69,24.81,20.69,22.75,25.08,10.75,30.49,19.74,15.56,80.06,0,98.47,1.77,50.81,4.15
2020,2,5,5,6.32,0.5,0.6,25.08,21.82,23.45,25.44,10.19,30.56,20.38,16.72,83.75,2.22,98.44,2.02,61.69,4.74
2020,2,6,5.46,6.65,0.55,0.66,25.56,22.07,23.81,25.84,9.95,31.01,21.06,16.97,82.62,0.34,98.46,2.09,55.06,4.97
2020,2,7,5.39,6.68,0.54,0.65,25.12,21.4,23.26,25.31,8.88,30.41,21.53,16.24,81.56,0.13,98.5,2.54,44.38,5.13
2020,2,8,5.53,6.64,0.55,0.66,24.97,20.51,22.74,25.22,10.49,30.37,19.87,15.38,78.69,0.27,98.57,1.8,41.88,4.46
2020,2,9,4.78,6.52,0.48,0.57,25.4,22.7,24.05,25.71,9.33,30.38,21.05,17.64,86.31,8.49,98.52,1.76,34,4.31
2020,2,10,3.33,6.64,0.33,0.4,24.55,23.23,23.89,24.6,4.73,27.23,22.51,18.19,92.5,27.74,98.5,1.67,47,3.86
2020,2,11,4.37,6.61,0.44,0.52,24.94,23.23,24.08,25.03,6.38,28.48,22.09,18.19,90.69,10.13,98.52,2.44,60.75,5.25
2020,2,12,5.08,6.99,0.5,0.6,25.7,23.3,24.51,25.92,7.62,30.16,22.54,18.25,87.5,1.43,98.52,2.47,77.25,5.44
2020,2,13,5.25,6.87,0.52,0.62,26.29,23.53,24.9,26.6,8.7,31.01,22.32,18.55,85.88,12.3,98.44,1.95,74.44,4.95
2020,2,14,4.48,6.7,0.45,0.53,26.58,23.67,25.13,27.05,9.55,31.91,22.37,18.74,85.5,7.31,98.36,1.16,140.06,3.41
2020,2,15,4.85,6.51,0.48,0.57,27.26,23.83,25.55,27.42,9.97,33.46,23.49,18.92,83.25,3.15,98.48,0.76,176.88,1.91
2020,2,16,5.26,6.72,0.52,0.62,26.9,22.82,24.86,27.06,9.97,32.26,22.3,17.76,80.25,0.17,98.53,0.85,101.31,2.97
2020,2,17,5.89,6.75,0.58,0.69,25.61,21.76,23.69,25.72,8.48,30.05,21.58,16.6,81.25,3.4,98.59,1.84,53.88,3.98
2020,2,18,3.09,6.7,0.3,0.36,24.37,22.9,23.64,24.4,4.97,26.99,22.03,17.82,91.81,14.03,98.63,2.48,63.31,5.3
2020,2,19,5.82,6.87,0.57,0.68,25.11,22.23,23.67,25.37,8.98,30.1,21.12,17.09,85.38,0.44,98.59,2.45,54.5,5.48
2020,2,20,6.37,6.96,0.62,0.74,25.15,22.22,23.69,25.4,8.84,30.25,21.41,17.09,85.06,0.84,98.53,2.71,49.81,5.83
2020,2,21,5.78,7.01,0.56,0.67,25.13,22.28,23.7,25.31,8.46,30.07,21.61,17.15,85.56,3.3,98.64,2.8,49.69,6.55
2020,2,22,5.21,7.13,0.51,0.6,24.69,21.83,23.26,24.84,8,29.61,21.62,16.66,85.38,4.29,98.68,3.3,54.94,7.9
2020,2,23,6.15,7.21,0.6,0.71,25.08,22.01,23.55,25.32,9.55,30.58,21.03,16.85,84.5,0.42,98.58,2.84,56.38,6.25
2020,2,24,6.14,7.1,0.59,0.71,25.4,22.34,23.87,25.73,10.02,31.02,21.01,17.27,84.5,0.32,98.48,2.66,55.75,6.08
2020,2,25,5.97,7.04,0.58,0.69,25.64,22.21,23.93,26.01,10.44,31.56,21.12,17.09,83.12,1.41,98.39,2.19,59.06,4.79
2020,2,26,6.38,7.12,0.62,0.73,25.69,22.38,24.04,25.94,10.23,31.53,21.3,17.27,83.88,15.85,98.39,2.34,46.75,4.88
2020,2,27,6.2,7.05,0.6,0.71,25.84,22.65,24.24,26.08,9.93,31.4,21.47,17.58,84.12,5.54,98.36,2.4,56.75,5.18
2020,2,28,6.42,7.08,0.62,0.73,25.72,22.09,23.9,25.94,10.06,31.37,21.31,16.97,82.25,0,98.31,2.63,58.69,5.34
2020,2,29,6.46,7.15,0.62,0.74,25.78,21.8,23.79,26.03,10.66,31.62,20.96,16.72,80.69,0,98.25,2.2,57.44,5.01
2020,3,1,5.87,7.12,0.57,0.67,26.28,22.33,24.3,26.54,10.18,32.09,21.91,17.27,80.88,0.63,98.33,1.81,42.38,3.97
2020,3,2,6.14,6.99,0.59,0.7,26.21,21.93,24.07,26.44,11.39,32.25,20.86,16.85,79.81,11.04,98.31,1.74,37.19,4.19
2020,3,3,5.53,6.76,0.53,0.63,26.57,23.05,24.81,26.87,9.48,31.84,22.36,18.01,82.69,4.13,98.33,1.82,52.19,4.31
2020,3,4,5.68,6.73,0.55,0.65,27.05,23.08,25.06,27.36,9.83,32.38,22.55,18.07,80.62,0.04,98.33,1.77,61.88,4.43
2020,3,5,3.67,5.96,0.35,0.41,26.36,23.53,24.94,26.67,7.83,30.73,22.9,18.55,85.5,3.82,98.4,1.38,83.75,3.84
2020,3,6,4.87,6.67,0.47,0.55,26.68,22.88,24.78,26.4,6.95,30.92,23.97,17.82,81.12,3.19,98.52,0.84,108.38,1.98
2020,3,7,3.81,6.4,0.37,0.43,25.79,23.01,24.4,25.74,8.16,30.55,22.38,17.94,85.56,7.38,98.53,1.31,184.5,4.11
2020,3,8,4.76,6.05,0.46,0.54,27.03,22.65,24.84,27.05,8.16,31.75,23.58,17.64,79.5,2.26,98.42,1.12,199.56,3.1
2020,3,9,6.02,6.89,0.58,0.68,27.33,23.99,25.66,27.44,8.52,32.33,23.81,19.1,83.56,1.36,98.29,1.09,282,3.16
2020,3,10,6.11,6.92,0.59,0.69,27.68,24.43,26.05,27.79,7.87,32.32,24.46,19.59,83.69,0.23,98.26,1.13,213.56,3.15
2020,3,11,5.85,6.94,0.56,0.66,27.71,24.05,25.88,27.82,8.45,32.6,24.15,19.17,81.94,11.17,98.36,1.3,243.81,2.73
2020,3,12,6.04,6.91,0.58,0.68,27.04,23.1,25.07,27.19,10.38,32.51,22.14,18.07,81.06,3.6,98.48,1.5,103.75,3.23
2020,3,13,5.79,7.1,0.55,0.65,27.33,22.98,25.15,27.59,10.73,32.96,22.24,17.94,79.38,0.46,98.48,1.38,59.31,3.53
2020,3,14,5.94,7.09,0.57,0.66,26.52,23.42,24.98,26.71,8.37,31.21,22.84,18.43,84.31,0.06,98.38,2.08,73.75,4.42
2020,3,15,5.2,7.13,0.5,0.59,26.04,23.42,24.73,26.17,7.29,30.37,23.09,18.43,86.5,7.53,98.35,2.24,65.31,4.22
2020,3,16,6.75,7.32,0.65,0.76,25.92,22.85,24.38,26,7.94,30.68,22.73,17.76,84.5,1.59,98.47,2.38,67.62,5.05
2020,3,17,6.52,7.03,0.62,0.73,26.03,22,24.01,26.2,10.3,31.49,21.19,16.85,80.38,0.62,98.52,2.2,53.5,5.73
2020,3,18,5.54,6.89,0.53,0.62,26.02,23.05,24.54,26.37,7.93,30.31,22.39,18.01,84.81,2.69,98.41,1.66,173.75,3.75
2020,3,19,5.36,7.01,0.52,0.6,26.03,21.6,23.82,26.01,9.24,31.3,22.06,16.48,78.75,4.07,98.43,1.55,145.31,3.45
2020,3,20,5.63,6.81,0.54,0.63,26.12,21.54,23.83,26.34,11.59,32.22,20.63,16.42,78,0.32,98.45,1.3,126.81,3.84
2020,3,21,3.46,6.71,0.33,0.39,26.34,22.92,24.63,26.7,9.65,31.48,21.83,17.88,83,7.06,98.46,1.14,129.56,3.16
2020,3,22,3.99,6.53,0.38,0.45,25.83,22.92,24.37,26.09,7.87,30.55,22.68,17.88,85.25,3.26,98.45,1.03,154.69,3.16
2020,3,23,2.98,6.77,0.29,0.34,25.38,23.51,24.44,25.44,4.95,28.52,23.58,18.55,89.88,10.08,98.34,0.77,126.38,2.16
2020,3,24,4.62,6.91,0.45,0.52,26.08,23.15,24.62,26.24,6.95,30.11,23.15,18.19,85.25,12.77,98.23,1.44,76.75,4.12
2020,3,25,6.57,7.26,0.62,0.73,26.43,22.77,24.6,26.69,9.7,31.89,22.19,17.76,82.25,0.51,98.15,1.93,86.44,3.98
2020,3,26,6.54,7.08,0.62,0.73,26.87,23.06,24.96,27.15,10.57,32.64,22.08,18.07,81.69,0.64,98.25,1.97,70.69,4.49
2020,3,27,5.65,6.96,0.54,0.63,26.94,23.58,25.26,27.12,9.08,31.76,22.69,18.62,83.12,13.38,98.35,1.36,186.5,3.7
2020,3,28,6.05,6.99,0.58,0.68,27.73,23.15,25.44,27.66,9.24,32.03,22.79,18.13,77.75,1.14,98.3,0.89,156.44,2.47
2020,3,29,5.96,6.95,0.57,0.66,27.31,23.69,25.5,27.55,9.55,32.18,22.62,18.8,81.88,5.5,98.19,1.31,156.25,2.56
2020,3,30,5.48,7.01,0.52,0.62,27.17,23.9,25.54,27.4,8.72,32.02,23.3,18.98,83.62,3.21,98.28,1.3,169.75,2.99
2020,3,31,5.81,6.89,0.55,0.65,27.49,22.58,25.04,27.48,10.8,32.97,22.16,17.52,76.5,4.19,98.29,0.98,120.62,3.02
2020,4,1,5.59,6.95,0.54,0.62,27.77,23.45,25.62,27.99,10.55,33.19,22.63,18.49,79.31,1.62,98.27,0.95,152.19,2.55
2020,4,2,5.03,6.73,0.48,0.56,27.43,23.99,25.71,27.76,8.41,32.29,23.88,19.1,83,14.69,98.26,1.35,59.12,3.98
2020,4,3,4.76,6.96,0.45,0.53,26.51,23.91,25.22,26.74,7.62,30.92,23.3,18.98,86.62,11.65,98.34,1.78,62.19,3.85
2020,4,4,5.92,7.03,0.57,0.66,26.52,23.77,25.15,26.75,8.24,31.14,22.9,18.86,86.06,3.56,98.32,2.02,61.25,4.52
2020,4,5,4.56,6.9,0.44,0.52,26.78,23.83,25.3,27.05,9.05,31.55,22.51,18.92,85.12,2.02,98.39,1.53,66.44,4.33
2020,4,6,5.63,6.94,0.54,0.63,26.54,23.65,25.1,26.53,6.17,30.2,24.03,18.68,85.12,11.31,98.44,1.07,166.75,2.55
2020,4,7,4.46,6.98,0.43,0.5,26.74,23.26,25.01,26.61,6.28,30.01,23.73,18.25,82.06,18.34,98.38,1.21,148.75,2.49
2020,4,8,4.78,6.96,0.46,0.54,26.97,23.35,25.16,27.18,8.64,31.73,23.09,18.37,82.06,1.71,98.42,0.98,191.25,2.83
2020,4,9,6.09,6.65,0.59,0.69,26.77,22.95,24.86,26.77,9.1,32.07,22.97,17.88,81.25,0.32,98.44,1.52,64.19,3.24
2020,4,10,5.79,7.05,0.55,0.66,26.55,22.42,24.48,26.76,10.99,32.09,21.1,17.33,80.12,0.17,98.49,1.74,78.19,3.95
2020,4,11,5.41,6.94,0.52,0.61,26.51,23.05,24.79,26.73,7.4,30.52,23.12,18.01,82.38,0.06,98.5,1.62,95.88,3.89
2020,4,12,5.72,6.93,0.55,0.65,27.09,23.62,25.36,27.21,8.45,31.38,22.94,18.68,82.5,3.53,98.38,1.44,92.25,3.58
2020,4,13,5.33,6.96,0.52,0.6,26.49,24.11,25.3,26.39,6.59,29.99,23.4,19.23,87.38,4.62,98.3,1.2,86.75,3.35
2020,4,14,5.03,6.88,0.48,0.57,26.73,22.83,24.77,26.83,9.24,31.9,22.65,17.76,80.94,0.06,98.4,1.82,73,4.23
2020,4,15,5.3,6.8,0.52,0.6,26.77,23.14,24.95,26.76,9.15,31.51,22.36,18.13,81.75,3.56,98.43,1.44,68.62,3.24
2020,4,16,5.02,6.82,0.48,0.57,27.11,23.38,25.25,27.11,8.85,31.9,23.05,18.37,81.44,6.72,98.33,1.37,84.31,4.17
2020,4,17,5.03,6.94,0.49,0.57,26.94,22.33,24.63,27.05,11.15,32.73,21.58,17.27,78.12,0.47,98.37,1.35,121.88,3.12
2020,4,18,5.6,6.75,0.55,0.64,26.9,23.26,25.08,27.16,9.73,32.16,22.43,18.25,82.06,8.79,98.43,1.45,82.81,3.65
2020,4,19,5.73,6.76,0.55,0.66,27.33,22.86,25.09,27.55,10.7,32.83,22.12,17.82,78.94,0.82,98.35,1.56,85.06,3.7
2020,4,20,5.51,7.04,0.54,0.63,26.85,23.65,25.25,26.95,7.41,31.02,23.61,18.68,83.69,2.23,98.34,1.9,71.19,3.67
2020,4,21,5.51,7.08,0.54,0.63,26.23,24.05,25.14,26.28,7.02,29.92,22.9,19.17,88.5,12.39,98.32,1.64,80.69,3.53
2020,4,22,4.4,6.96,0.43,0.51,26.66,24.08,25.37,26.82,7.12,30.69,23.57,19.23,86.88,28.29,98.28,1.43,69.25,3.4
2020,4,23,4.48,6.87,0.44,0.52,26.38,23.94,25.16,26.37,6.16,30.04,23.89,19.04,87.31,37.6,98.31,1.1,59.69,2.8
2020,4,24,5.28,6.76,0.52,0.61,26.63,23.44,25.04,26.86,8.88,31.38,22.5,18.49,84.06,7.37,98.28,1.31,62.25,2.98
2020,4,25,5.2,6.93,0.51,0.6,26.06,23.79,24.93,26.3,7.38,30.21,22.83,18.86,88.19,15.14,98.3,1.8,69.88,4.34
2020,4,26,4.33,6.8,0.42,0.5,25.74,23.61,24.68,25.9,5.48,28.86,23.38,18.62,88.62,8.88,98.37,1.45,45.75,3.78
2020,4,27,4.47,6.51,0.44,0.52,26.92,23.53,25.23,27.1,8.95,32.26,23.31,18.55,83.38,22.05,98.44,1.08,151.12,2.76
2020,4,28,4.14,6.85,0.41,0.48,25.79,23.41,24.6,25.98,6.14,29.32,23.18,18.43,87.5,10.25,98.42,1.16,188.69,3.3
2020,4,29,5.18,6.76,0.51,0.6,26.39,23.26,24.83,26.58,7.7,30.26,22.56,18.25,84.19,1.44,98.31,1.05,167.5,2.95
2020,4,30,4.08,6.84,0.41,0.48,26.44,24.15,25.3,26.66,7.06,30.58,23.52,19.29,88,6.23,98.33,1.1,183.25,2.98
2020,5,1,2.99,6.71,0.3,0.35,25.66,24.08,24.87,25.7,3.92,27.87,23.94,19.17,91.25,5.07,98.31,1.46,260.38,3.53
2020,5,2,5.33,6.99,0.53,0.62,26.03,24.19,25.11,26.12,5.83,29.37,23.55,19.35,90.06,12.29,98.22,1.79,255.44,4.27
2020,5,3,4.85,6.87,0.48,0.57,26.12,24.03,25.08,26.14,4.96,29.24,24.28,19.17,88.88,0.58,98.26,1.39,209.44,2.95
2020,5,4,5.1,6.73,0.51,0.6,26.24,23.8,25.01,25.95,4.83,29.01,24.19,18.86,86.75,0.79,98.32,1.06,284.25,3.41
2020,5,5,5.48,6.84,0.55,0.64,26.62,24.02,25.32,26.57,6.86,30.46,23.6,19.1,86.44,7.48,98.29,1.41,276.75,3.38
2020,5,6,5.43,6.78,0.54,0.64,27.32,24.53,25.93,27.48,7.07,31.37,24.3,19.71,85.75,8.66,98.21,1.63,263.44,3.36
2020,5,7,4.74,6.79,0.47,0.55,26.56,24.57,25.56,26.5,4.91,29.4,24.49,19.78,89.12,3.04,98.17,1.63,214.81,3.46
2020,5,8,4.83,6.82,0.48,0.57,26.93,24.37,25.65,26.79,5.83,30.51,24.67,19.59,86.56,4.09,98.16,1.31,189.38,3.09
2020,5,9,4.82,6.74,0.48,0.57,26.55,24.15,25.36,26.62,6.09,30.04,23.95,19.29,87.44,2.29,98.22,1.69,162.75,3.18
2020,5,10,3.81,6.61,0.38,0.45,26.65,24.6,25.63,26.65,6.23,30.06,23.83,19.84,89,1.28,98.24,1.77,126.62,3.88
2020,5,11,5.55,6.72,0.55,0.66,26.51,24.55,25.52,26.4,4.41,29.05,24.65,19.78,89.44,0.69,98.26,1.51,128.06,3.76
2020,5,12,4.17,6.54,0.42,0.5,26.47,24.87,25.67,26.52,5.23,29.49,24.26,20.14,91.25,6.38,98.23,1.63,124.75,4.22
2020,5,13,4.37,6.47,0.44,0.52,26.2,24.28,25.24,26.15,4.55,28.93,24.37,19.41,89.56,7.62,98.25,1.39,140.94,4.3
2020,5,14,5.94,6.72,0.6,0.71,26.71,23.75,25.23,26.75,8.72,31.08,22.37,18.86,84.81,1.91,98.18,1.62,126.12,2.97
2020,5,15,5.61,6.63,0.56,0.67,27.09,24.4,25.75,27.24,7.83,31.43,23.6,19.65,86.12,1.04,98.02,1.62,126.88,3.88
2020,5,16,4.69,6.58,0.48,0.56,27.14,25.03,26.08,27.19,5.64,30.37,24.74,20.39,88.81,13.68,98,1.59,144.56,3.79
2020,5,17,4.24,6.47,0.43,0.51,26.28,24.84,25.56,26.18,4.84,28.84,24.01,20.14,92,29.89,98.08,1.6,252.06,3.93
2020,5,18,5.72,6.47,0.58,0.69,27.64,23.88,25.76,27.76,9.45,32.48,23.03,19.04,81.56,0.01,98.07,1.16,220.31,2.52
2020,5,19,5.83,6.62,0.59,0.7,27.59,24.23,25.91,27.31,7.11,31.1,23.98,19.41,82.5,1.26,98.08,1.36,164.56,3.23
2020,5,20,4.55,6.05,0.46,0.55,26.55,24.23,25.39,26.35,5.24,29.55,24.3,19.41,87.5,3.06,98.21,1.41,167.5,3.29
2020,5,21,5.02,6.46,0.51,0.61,27.53,23.99,25.76,27.44,7.95,32.11,24.15,19.17,82.5,0.39,98.22,1,205.25,3.1
2020,5,22,4.36,6.42,0.45,0.52,26.34,24.86,25.6,26.48,4.12,28.87,24.76,20.14,91.88,7.37,98.23,1.02,292.88,3.27
2020,5,23,4.08,6.5,0.41,0.49,26.04,23.53,24.78,26.19,8.51,31.73,23.22,18.55,87.31,4.01,98.36,1.28,260.75,3.53
2020,5,24,4.15,6.57,0.42,0.51,26.81,23.5,25.15,26.68,7.35,30.88,23.53,18.49,83.31,3.29,98.42,1.27,195.94,3.23
2020,5,25,5.57,6.5,0.57,0.68,26.89,23.95,25.42,26.93,7.01,30.89,23.89,18.98,85.06,0.67,98.48,1.42,181.06,3.18
2020,5,26,3.52,6.59,0.36,0.43,26.34,24.11,25.23,26.2,5.15,29.32,24.17,19.17,87.94,7.13,98.5,1.32,200.06,3.52
2020,5,27,5.11,6.55,0.52,0.62,27.08,23.87,25.48,26.89,8.45,32.38,23.94,18.98,84.19,3.69,98.47,1.12,234.81,3.95
2020,5,28,4.6,6.26,0.47,0.56,27.67,24.19,25.93,27.58,10.08,34.4,24.32,19.35,83.19,1.61,98.37,1.01,206.44,2.63
2020,5,29,4.09,6.22,0.42,0.5,26.73,23.98,25.35,26.36,4.66,29.12,24.45,19.04,85.44,7.68,98.41,1.16,185.06,2.51
2020,5,30,5.2,6.51,0.53,0.63,27.04,23.44,25.24,26.62,6.05,30.31,24.26,18.43,81.44,10.46,98.45,1.04,173,2.17
2020,5,31,4.29,6.35,0.44,0.52,26.87,24.07,25.47,27.01,7.52,31.03,23.51,19.17,85.56,3.59,98.48,1.4,143.5,2.88
2020,6,1,5.42,6.7,0.55,0.66,26.37,24.11,25.24,26.3,5.63,29.65,24.01,19.17,87.94,16.41,98.46,1.6,159.5,3.79
2020,6,2,5.08,6.71,0.52,0.62,26.44,23.13,24.79,26.48,6.87,30.31,23.44,18.13,83.25,3.42,98.4,1.25,151.5,3.41
2020,6,3,4.82,6.5,0.5,0.59,26.1,22.76,24.44,26.22,8.73,30.73,22,17.76,82.69,1.82,98.31,1.45,114.75,3.38
2020,6,4,2.91,6.33,0.3,0.36,25.58,23.82,24.7,25.52,4.95,28.41,23.47,18.86,90.25,17.25,98.35,1.55,164.88,3.41
2020,6,5,4.22,6.38,0.44,0.52,25.15,23.18,24.16,25.22,5.02,28.13,23.11,18.13,89.25,11.65,98.41,1.78,193.94,3.83
2020,6,6,3.71,6.6,0.38,0.46,25.31,23.03,24.17,25.22,4.66,28.16,23.5,18.01,87.69,3.85,98.39,1.7,194,4.02
2020,6,7,4.97,6.59,0.52,0.62,25.86,23.11,24.48,25.37,5.16,28.71,23.55,18.13,85.06,0.07,98.26,1.38,236.56,2.96
2020,6,8,5.38,6.52,0.55,0.66,27.12,22.73,24.93,26.48,7.35,31,23.65,17.7,78,0.12,98.26,0.81,203,1.73
2020,6,9,5.28,6.44,0.55,0.66,26.87,23.82,25.34,26.55,6.83,30.75,23.92,18.92,84.06,4.41,98.24,1.41,137.88,3.72
2020,6,10,4.69,6.45,0.48,0.58,26.42,23.91,25.16,26.34,6.31,30.1,23.79,19.04,86.88,6.82,98.22,1.52,138.69,3.77
2020,6,11,4.58,6.23,0.48,0.57,26.15,23.42,24.78,26.05,6.52,29.58,23.06,18.43,85.5,0.66,98.17,1.24,108.12,3.18
2020,6,12,4.06,6.41,0.42,0.5,25.63,23.5,24.57,25.72,6.38,29.34,22.96,18.55,88.5,50.19,98.13,1.09,178.94,3.68
2020,6,13,3.83,6.31,0.4,0.48,25.88,23.12,24.51,25.72,6.8,29.9,23.1,18.13,85.94,6.42,98.16,1.34,232.94,3
2020,6,14,5.33,6.43,0.55,0.66,25.98,23.8,24.9,26.07,6.91,29.73,22.82,18.86,88.44,0.25,98.24,1.74,180.19,3.41
2020,6,15,5.16,6.49,0.54,0.64,26.08,24.03,25.05,26.01,5.74,29.2,23.46,19.1,89,1.47,98.32,1.8,155.12,4.02
2020,6,16,4.67,6.42,0.48,0.58,25.95,24.01,24.98,25.96,5.48,29.15,23.65,19.1,89.56,2.89,98.3,1.38,137.62,2.85
2020,6,17,4.77,6.22,0.49,0.59,26.3,23.72,25.01,26.35,6.71,30.51,23.8,18.8,86.62,1.38,98.3,1.34,146.5,3.84
2020,6,18,3.63,6.41,0.38,0.45,25.9,23.51,24.71,26.02,7.26,30.32,23.07,18.55,87.56,7.18,98.38,1.17,174.88,2.75
2020,6,19,4.76,6.13,0.49,0.59,25.33,23.44,24.38,25.39,4.88,28.23,23.35,18.43,89.69,32.14,98.37,1.47,245.31,3.08
2020,6,20,3.33,5.87,0.34,0.41,25.08,23.46,24.26,25.14,5.6,28.23,22.62,18.49,91.06,18.3,98.3,1.57,251.44,3.12
2020,6,21,4.73,6.27,0.49,0.59,25.45,23.42,24.44,25.55,6.23,29.12,22.87,18.43,89.12,7.79,98.18,1.91,201.56,4.05
2020,6,22,5.24,6.45,0.55,0.66,25.3,23.48,24.39,25.43,5.88,28.75,22.87,18.49,90.19,10.49,98.2,1.91,192.5,3.71
2020,6,23,5.49,6.5,0.57,0.68,25.05,23.37,24.21,25.15,5.46,28.19,22.73,18.37,90.69,17.62,98.27,1.69,192.75,3.82
2020,6,24,3.7,6.23,0.38,0.46,24.57,23.27,23.92,24.72,5.26,27.76,22.5,18.25,92.69,8.09,98.33,1.95,162.19,4.2
2020,6,25,5.34,6.55,0.55,0.66,25.47,22.92,24.19,25.59,7.91,29.98,22.07,17.88,86.75,3.51,98.24,1.8,177.06,3.7
2020,6,26,4.74,6.41,0.49,0.59,24.61,23.14,23.87,24.33,3.84,26.76,22.92,18.13,91.69,10.62,98.29,1.62,185.56,3.64
2020,6,27,4.17,6.07,0.43,0.52,25.56,22.87,24.21,25.15,6.91,29.55,22.64,17.82,85.88,2.41,98.3,1.41,182.38,3.74
2020,6,28,4.69,6.28,0.49,0.59,25.71,23.69,24.7,25.74,5.99,29,23.01,18.74,89.31,0.15,98.28,2.14,151.56,4.43
2020,6,29,4.39,6.32,0.46,0.55,25.59,23.97,24.78,25.58,5.48,28.78,23.31,19.04,91.19,2.35,98.25,2.01,153.5,4.73
2020,6,30,4.87,6.3,0.51,0.6,25.57,23.73,24.65,25.51,6.3,28.97,22.67,18.8,90.12,1.9,98.23,1.91,137.88,4.27
2020,7,1,5.41,6.56,0.56,0.67,25.17,23.45,24.31,25.09,5.06,27.94,22.88,18.49,90.62,0.73,98.24,1.79,139.38,3.88
2020,7,2,5.26,6.41,0.55,0.66,25.48,23.55,24.51,25.49,5.82,28.79,22.97,18.62,89.62,0.44,98.21,1.78,157.56,3.65
2020,7,3,5.34,6.51,0.55,0.66,25.44,23.21,24.33,25.3,5.12,28.21,23.09,18.19,87.94,1.67,98.3,1.47,168.44,3.45
2020,7,4,5.01,6.6,0.52,0.62,25.3,23.24,24.27,25.26,5.22,28.15,22.93,18.25,88.75,5.26,98.31,1.41,101.75,3.5
2020,7,5,5.66,6.51,0.59,0.7,25.84,23.22,24.53,25.73,6.97,29.53,22.56,18.25,86.19,17.19,98.2,1.29,127.5,3.43
2020,7,6,4.62,6.37,0.48,0.57,25.84,23.61,24.73,25.99,6.99,29.82,22.83,18.68,88.31,20.99,98.15,1.38,140.88,4.05
2020,7,7,4.6,6.59,0.48,0.57,25.4,23.31,24.36,25.35,5.02,28.42,23.41,18.31,88.75,28.28,98.29,1.36,146.19,2.86
2020,7,8,3.62,6.55,0.38,0.45,25.22,22.55,23.88,24.87,5.25,27.85,22.6,17.46,85.56,2.93,98.29,1.05,210.25,1.89
2020,7,9,4.01,6.34,0.41,0.49,25.12,22.89,24,24.95,6.14,28.55,22.41,17.88,87.81,28.92,98.23,1.46,241.38,3.58
2020,7,10,3.7,6.42,0.38,0.45,25.16,22.61,23.89,25.21,6.18,28.94,22.76,17.58,86.62,12.22,98.31,1.28,207.69,3.23
2020,7,11,4.79,6.54,0.49,0.59,25.15,22.87,24.01,24.98,5.38,28.33,22.95,17.82,87.56,6.09,98.29,1.59,170.56,3.61
2020,7,12,5.47,6.61,0.56,0.67,25.19,23.12,24.15,25.24,5.67,28.55,22.87,18.13,88.81,12.39,98.26,1.8,202.5,3.57
2020,7,13,2.73,6.31,0.28,0.34,24.8,22.83,23.82,24.77,4.87,27.69,22.82,17.82,89.31,21.12,98.3,1.48,200.38,3.02
2020,7,14,5.02,6.55,0.52,0.62,25.1,22.86,23.98,25.05,6.58,29.01,22.44,17.82,88,0.79,98.25,1.73,166.88,3.57
2020,7,15,5.02,6.55,0.52,0.62,25.98,23.4,24.69,26.33,7.69,30.3,22.61,18.43,86.75,0.52,98.14,1.18,171.5,3.06
2020,7,16,4.38,6.62,0.45,0.54,26.01,24.01,25.01,26.1,5.81,29.42,23.62,19.17,89.25,6.81,98.09,1.5,125,3.52
2020,7,17,5.81,6.72,0.6,0.71,26.2,23.32,24.76,26.12,6.75,29.79,23.05,18.37,85.19,12.34,98.18,1.12,154.44,2.78
2020,7,18,4.68,6.6,0.48,0.57,25.27,23.18,24.23,25.23,6.34,28.8,22.46,18.19,88.69,16.27,98.23,1.66,99.56,3.51
2020,7,19,5.53,6.7,0.57,0.67,26.01,22.96,24.48,26.18,7.92,30.38,22.46,17.94,84.44,1.12,98.15,1.41,148.38,3.95
2020,7,20,5.38,6.56,0.55,0.66,26.2,23.76,24.98,26.4,7.38,30.15,22.78,18.86,87.19,0.33,98.12,1.59,137.06,3.82
2020,7,21,5.41,6.59,0.55,0.66,26.26,23.65,24.95,26.4,7.35,30.4,23.05,18.74,86.56,4.04,98.19,1.64,130.44,3.95
2020,7,22,4.43,6.45,0.45,0.54,25.85,23.4,24.62,26.02,6.98,29.9,22.93,18.43,87.31,11.88,98.21,1.31,127.25,3.34
2020,7,23,4.94,6.65,0.51,0.6,25.58,23.08,24.33,25.68,5.84,28.83,22.98,18.07,86.81,6.77,98.22,1.38,170.69,3.24
2020,7,24,4.06,6.44,0.41,0.49,25.01,22.95,23.98,25.15,5.75,28.13,22.38,17.94,88.81,20.57,98.26,1.16,118.19,3.28
2020,7,25,5.04,6.52,0.52,0.61,25.33,23.05,24.19,25.58,7.62,29.46,21.83,18.07,88.06,7.12,98.25,1.84,139.94,3.98
2020,7,26,5.53,6.68,0.56,0.67,25.48,23.58,24.53,25.6,6.23,28.94,22.7,18.62,89.88,0.86,98.21,2.06,141,4.33
2020,7,27,4.86,6.49,0.49,0.59,25.06,23.72,24.39,25.13,4.31,27.66,23.35,18.8,92.5,6.97,98.21,2.08,148.38,4.38
2020,7,28,4.73,6.66,0.48,0.57,24.63,23.4,24.01,24.67,4.68,27.56,22.88,18.43,93.06,15.02,98.3,2.16,168.38,4.91
2020,7,29,4.47,6.58,0.45,0.54,24.87,22.65,23.76,24.88,6.02,28.14,22.12,17.58,88.06,3.42,98.32,1.69,188.62,3.95
2020,7,30,5.23,6.51,0.53,0.62,25.44,23.03,24.23,25.42,7.07,29.3,22.23,18.01,87.25,5.02,98.32,1.74,197.56,3.33
2020,7,31,4.15,6.44,0.42,0.5,25.09,23.29,24.19,25.05,4.62,27.83,23.21,18.31,90.12,13.83,98.29,1.62,253.38,3.72
2020,8,1,5.5,6.67,0.55,0.66,25.41,23.05,24.23,25.23,5.87,28.54,22.67,18.01,87.19,3.63,98.24,1.98,214.19,4.51
2020,8,2,5.17,6.69,0.52,0.62,25.52,23.22,24.37,25.33,5.93,28.8,22.87,18.25,87.5,0.39,98.22,1.64,213.12,3.66
2020,8,3,4.78,6.51,0.48,0.57,25.25,23.57,24.4,25.3,5.88,28.66,22.78,18.62,90.81,3.87,98.16,1.68,165.56,3.23
2020,8,4,5.68,6.7,0.57,0.68,25.68,23.36,24.52,25.72,6.27,29.44,23.18,18.37,87.81,2.47,98.14,1.45,187,2.94
2020,8,5,4.86,6.84,0.49,0.58,25.83,23.29,24.56,25.88,6.26,29.38,23.12,18.31,86.62,0,98.22,1.67,168.5,3.88
2020,8,6,5.28,6.35,0.53,0.62,26,23.46,24.73,25.96,6.41,29.57,23.15,18.49,86.75,0.01,98.23,1.38,148.12,3.39
2020,8,7,4.77,6.49,0.48,0.56,25.95,23.91,24.94,25.72,5.74,29.22,23.48,19.04,88.94,3.61,98.21,1.64,166.75,3.3
2020,8,8,6.06,6.74,0.61,0.72,26.1,23.6,24.85,25.65,5.8,29.47,23.65,18.68,86.56,2.1,98.19,1.73,194.94,3.95
2020,8,9,5.21,6.89,0.52,0.62,25.96,23.37,24.66,25.6,5.28,28.94,23.65,18.37,86,0,98.23,1.89,202.25,3.79
2020,8,10,6.12,6.86,0.61,0.73,26.07,23.87,24.97,25.79,6.48,29.55,23.08,18.92,88.06,4.54,98.32,1.5,193.31,2.73
2020,8,11,4.21,6.8,0.42,0.49,26.68,23.23,24.95,26.32,6.14,30.08,23.94,18.19,82.38,13.74,98.37,1.2,196.81,2.85
2020,8,12,2.66,6.57,0.27,0.31,25.65,23.48,24.56,25.67,5.84,29.19,23.34,18.49,88.5,7.41,98.45,1.51,182.5,2.93
2020,8,13,5.83,6.84,0.58,0.69,25.85,23.26,24.55,25.73,6.98,29.75,22.78,18.25,86.44,1.88,98.37,1.49,220.19,3.32
2020,8,14,3.43,6.67,0.34,0.4,26.33,22.45,24.39,26.05,7.45,30.59,23.14,17.4,80.69,4.72,98.31,1.04,148.5,2.52
2020,8,15,5.39,6.76,0.54,0.63,25.94,22.28,24.11,26.14,9.34,30.58,21.24,17.21,81.69,9.69,98.28,1.15,118.38,3.19
2020,8,16,3.61,6.67,0.36,0.42,25.65,23.51,24.58,25.85,6.36,29.45,23.09,18.55,88.62,6.91,98.27,1.45,154.5,3.59
2020,8,17,4.82,6.92,0.48,0.56,25.97,22.83,24.4,25.91,6.53,29.73,23.19,17.82,84.12,2.42,98.3,1.29,217.62,3.02
2020,8,18,4.35,6.99,0.43,0.51,25.12,23.05,24.08,25.07,5.4,28.12,22.72,18.01,88.75,3.69,98.28,1.62,179.38,3.57
2020,8,19,5.29,6.79,0.52,0.62,25.66,23.45,24.56,25.4,5.12,28.73,23.61,18.49,87.94,7.08,98.21,1.19,210.19,2.95
2020,8,20,5.12,6.79,0.51,0.59,25.99,23.32,24.65,25.87,6.04,29.63,23.58,18.31,85.94,1.11,98.24,1.28,143.31,3.64
2020,8,21,5.21,6.86,0.52,0.6,25.78,23.63,24.7,25.79,6.09,29.22,23.13,18.68,88.56,5.53,98.35,1.81,134.81,3.83
2020,8,22,4.15,6.74,0.41,0.48,25.7,23.01,24.36,25.73,6.1,29.22,23.12,17.94,86,4.83,98.43,1.43,171.19,3.12
2020,8,23,5.3,6.73,0.52,0.62,25.37,23.18,24.27,25.33,6.2,29.23,23.02,18.13,88.25,8.35,98.45,1.76,154.31,4.44
2020,8,24,6.2,6.99,0.61,0.72,25.7,22.9,24.3,25.8,7.19,29.76,22.57,17.82,85.62,2.41,98.37,1.7,114.88,3.81
2020,8,25,5.87,6.93,0.58,0.68,25.72,23.05,24.38,25.78,7.13,29.73,22.6,18.01,86.12,4.95,98.38,1.66,127.62,4.03
2020,8,26,5.56,7.04,0.55,0.64,25.8,23.04,24.42,26.03,7.88,30.47,22.58,18.01,85.94,1.47,98.34,1.87,156.44,4
2020,8,27,5.74,6.96,0.56,0.66,25.8,23.01,24.4,26.05,7.92,30.29,22.36,18.01,85.81,0.08,98.25,1.91,162.19,3.73
2020,8,28,5.3,6.75,0.52,0.61,26.03,22.81,24.42,26.11,7.01,29.99,22.98,17.82,83.62,0.37,98.16,1.69,174.44,3.47
2020,8,29,5.01,6.71,0.49,0.58,25.88,23.01,24.44,25.83,6.47,29.71,23.25,18.01,84.88,1.2,98.13,1.32,131.12,3.55
2020,8,30,5.03,6.77,0.49,0.58,25.73,23.26,24.49,25.88,7.12,29.73,22.61,18.25,87.12,1.26,98.12,2,156.31,3.99
2020,8,31,4.95,6.78,0.48,0.57,25.53,23.54,24.54,25.58,5.98,28.96,22.98,18.62,89.38,0.48,98.16,1.94,150.94,3.86
2020,9,1,5.42,6.82,0.53,0.62,25.92,23.32,24.62,26.12,8.17,30.35,22.18,18.37,86.75,2.23,98.18,2.09,143.25,4.34
2020,9,2,5.21,6.83,0.51,0.59,25.89,23.51,24.69,26.12,6.46,29.84,23.39,18.55,87.69,6.64,98.25,1.79,150.75,3.81
2020,9,3,5.27,6.73,0.52,0.6,25.6,23.87,24.73,25.73,5.97,29.08,23.11,18.92,90.56,12.09,98.29,1.38,166.19,3.36
2020,9,4,3.1,6.68,0.3,0.35,24.96,23.59,24.28,24.99,4.18,27.55,23.37,18.62,92.38,20.61,98.29,1.77,154.81,3.66
2020,9,5,4.82,6.81,0.47,0.55,25.62,22.94,24.28,25.5,6.82,29.8,22.98,17.94,86.12,1.44,98.23,1.68,184.69,4.33
2020,9,6,5.55,6.89,0.54,0.63,25.42,22.77,24.1,25.62,7.02,29.31,22.29,17.7,86.25,0.67,98.27,1.98,180.5,4.14
2020,9,7,4.7,6.81,0.46,0.54,25.66,22.76,24.21,25.83,7.65,30.04,22.39,17.7,85.19,6.35,98.31,1.82,133.56,3.91
2020,9,8,5.41,6.86,0.52,0.62,25.95,23.37,24.65,26.23,7.55,30.28,22.73,18.37,86.75,5.9,98.36,2.06,140.81,4.02
2020,9,9,4.42,6.81,0.43,0.5,26.35,23.51,24.93,26.59,7.16,30.34,23.19,18.55,85.44,2.57,98.25,1.6,178.88,4.07
2020,9,10,3.28,6.91,0.32,0.38,24.94,23.34,24.15,24.91,4.22,27.3,23.08,18.37,91,25.78,98.16,1.98,192.31,5.15
2020,9,11,4.9,6.97,0.48,0.55,25,23.04,24.01,25.2,6.27,28.82,22.54,18.01,89.5,15.27,98.3,1.34,224.31,3.09
2020,9,12,4.4,6.82,0.43,0.5,25.23,22.95,24.09,25.29,6.34,28.95,22.61,17.88,87.75,15.79,98.42,1.74,186.38,4.09
2020,9,13,4.61,7.02,0.45,0.52,25.24,22.61,23.92,25.12,5.98,28.54,22.55,17.52,85.94,1.77,98.46,1.27,167,3.38
2020,9,14,3.68,7.04,0.36,0.42,25.74,22.98,24.37,25.56,6.22,29.3,23.07,17.94,85.38,5.23,98.36,0.98,238.12,2.67
2020,9,15,5.08,6.99,0.49,0.58,25.76,23.01,24.39,25.86,6.66,29.67,23.01,17.94,85.75,6.3,98.39,2.04,237.06,4.16
2020,9,16,4.38,7.09,0.42,0.5,25.35,22.21,23.78,25.19,6.04,28.69,22.65,17.09,83.56,1.46,98.39,1.99,231,5.12
2020,9,17,4.14,6.97,0.4,0.47,25.58,22.89,24.23,25.51,6.98,29.47,22.48,17.82,85.81,0.04,98.3,2.1,263.38,5.3
2020,9,18,4.98,7.02,0.48,0.56,25.75,22.82,24.28,25.73,6.89,29.52,22.63,17.76,84.81,12.52,98.19,2.12,199.5,4.77
2020,9,19,5.51,6.96,0.53,0.62,25.34,23.11,24.23,25.3,5.72,28.68,22.96,18.13,87.94,11.44,98.17,2.02,168.19,4.79
2020,9,20,4.02,6.9,0.39,0.46,25.22,22.91,24.06,25.1,5.8,28.48,22.68,17.88,87.62,7.69,98.28,1.34,95.62,3.98
2020,9,21,4.82,6.86,0.47,0.55,25.84,22.72,24.28,26.07,7.88,30.34,22.46,17.64,84.31,4.79,98.34,1.12,125.81,3.84
2020,9,22,5.32,7.07,0.52,0.6,26.03,23.53,24.78,26.4,7.87,30.58,22.7,18.55,87.12,4.82,98.31,1.28,187.62,3.02
2020,9,23,5.56,7.12,0.54,0.63,25.43,23.54,24.48,25.32,3.93,27.97,24.03,18.55,89.5,16.33,98.35,1.59,225.25,3.91
2020,9,24,6.32,7.13,0.62,0.72,25.05,22.76,23.91,25.01,6.09,28.54,22.44,17.7,87.69,18.71,98.44,1.77,184.56,4.2
2020,9,25,3.25,6.86,0.31,0.37,25.65,22.63,24.15,25.78,8.54,30.28,21.74,17.58,84.62,6.55,98.44,1.4,141.25,3.02
2020,9,26,4.29,6.3,0.41,0.49,24.4,22.84,23.62,24.44,4.54,27.2,22.66,17.76,91.31,21.16,98.47,1.54,257.75,3.34
2020,9,27,5.05,7.11,0.49,0.58,24.41,22.22,23.32,24.58,6.77,28.33,21.56,17.09,88.19,1.15,98.4,1.64,214.5,3.54
2020,9,28,5.61,7.2,0.55,0.64,24.8,22.56,23.68,24.82,6.48,28.44,21.96,17.46,88.06,0.32,98.36,2.09,181.25,4.91
2020,9,29,5.22,6.97,0.51,0.59,24.94,23.19,24.06,25.04,5.7,28.23,22.52,18.19,90.5,1.55,98.28,1.88,151.06,3.7
2020,9,30,5.28,7,0.52,0.6,25.53,23.36,24.44,25.6,6.05,28.83,22.78,18.37,88.44,5.25,98.16,1.49,151.81,3.52
2020,10,1,4.34,6.9,0.42,0.5,24.86,23.7,24.28,24.9,4.66,27.5,22.84,18.8,93.44,25.63,98.18,1.81,209.25,4.09
2020,10,2,3.99,7.12,0.39,0.45,24.69,22.85,23.77,24.68,6.18,27.9,21.73,17.82,89.88,17.94,98.28,1.43,290.94,2.97
2020,10,3,4.53,6.89,0.45,0.52,24.86,22.76,23.81,24.92,5.84,28.31,22.47,17.7,88.69,1.07,98.38,1.74,224.31,3.73
2020,10,4,5.17,6.92,0.51,0.59,26.19,22.65,24.43,25.9,7.14,30.15,23.01,17.58,81.81,0.32,98.36,1.3,234.75,2.8
2020,10,5,4.52,6.85,0.44,0.52,25.72,23.18,24.44,25.56,5.95,29.26,23.3,18.19,86.44,1.95,98.31,1.66,260.75,4.8
2020,10,6,4.74,6.75,0.46,0.55,25.53,23.14,24.33,25.51,6.36,29.39,23.04,18.13,87.31,0.73,98.26,1.74,237.69,4.09
2020,10,7,2.69,6.85,0.27,0.31,24.98,23.5,24.24,25.05,4.46,27.79,23.33,18.55,91.75,4.58,98.2,2.11,280.56,4.95
2020,10,8,4.71,6.96,0.46,0.54,24.84,23.33,24.09,24.91,6.02,28.6,22.58,18.37,91.62,1.36,98.16,2.49,278.12,5.85
2020,10,9,4.5,7.1,0.44,0.52,25.44,23.07,24.26,25.47,6.02,29.01,23,18.07,87.62,4.92,98.2,1.28,249.56,3.55
2020,10,10,4.86,6.94,0.48,0.56,25.56,22.78,24.17,25.48,6.5,29.42,22.92,17.76,85.38,3.33,98.17,1.7,217.44,3.86
2020,10,11,3.45,7.07,0.34,0.4,25.61,23.26,24.43,25.62,6.46,29.35,22.89,18.31,87.44,3.03,98.11,1.52,220.31,3.1
2020,10,12,4.56,6.99,0.45,0.53,25.56,23.27,24.41,25.37,5.37,28.72,23.35,18.31,87.62,8.34,98.11,1.72,203.62,3.74
2020,10,13,4.72,7.05,0.46,0.55,24.65,23.22,23.93,24.25,3,26.38,23.38,18.25,91.81,13.26,98.18,1.52,185.44,4.64
2020,10,14,4.5,7,0.45,0.52,24.98,23.08,24.03,24.88,5.93,28.44,22.51,18.07,89.56,1.81,98.29,1.89,207.88,3.7
2020,10,15,4.6,7,0.45,0.54,25.64,22.79,24.22,25.7,6.68,29.79,23.11,17.76,85.31,1.34,98.27,1.89,219.88,4.4
2020,10,16,5.58,6.99,0.55,0.65,25.37,22.8,24.08,25.22,5.66,28.94,23.27,17.76,86.38,7.14,98.16,1.73,209.19,3.91
2020,10,17,5.65,7.05,0.55,0.66,25.88,22.36,24.12,25.48,7.12,29.78,22.65,17.33,82,0.12,98.14,2.13,220.44,4.72
2020,10,18,5.33,7.1,0.52,0.62,26.34,22.6,24.47,25.94,5.99,29.4,23.41,17.58,80.69,0.25,98.25,1.45,222.44,4.83
2020,10,19,5.37,6.77,0.53,0.63,26.05,22.34,24.19,25.59,6.82,29.03,22.21,17.27,80.44,1.2,98.23,0.98,109.75,2.68
2020,10,20,5.06,6.77,0.5,0.59,25.45,22.78,24.12,25.43,5.82,28.94,23.13,17.76,85.69,4.65,98.26,1.19,181.06,2.98
2020,10,21,4.27,6.88,0.42,0.5,26.07,22.8,24.44,26.18,7.79,30.47,22.68,17.76,83.62,6.22,98.25,1.26,240.94,3.14
2020,10,22,3.8,6.86,0.38,0.45,24.98,23.01,23.99,25.05,5.31,28.32,23.01,17.94,89.38,3.49,98.34,2.27,272.12,5.91
2020,10,23,5.33,6.91,0.53,0.63,25.37,22.57,23.98,25.44,7.25,29.3,22.05,17.52,85.62,4.19,98.33,1.66,283.31,3.44
2020,10,24,4.46,6.81,0.45,0.53,25.18,23.22,24.2,25.19,5.14,28.4,23.26,18.19,89.38,10.36,98.38,1.56,268.44,3.22
2020,10,25,4.33,6.78,0.43,0.52,24.3,22.8,23.55,24.32,3.91,26.44,22.53,17.7,91.56,2.78,98.43,1.45,283.69,3.55
2020,10,26,3.69,6.72,0.37,0.44,24.62,22.73,23.67,24.67,5.5,28.01,22.51,17.64,89.62,0.56,98.4,1.9,270.12,4.15
2020,10,27,5.77,6.76,0.58,0.69,25.61,22.62,24.12,25.46,8.31,30.1,21.79,17.58,84.44,0.02,98.3,1.88,275.19,4.16
2020,10,28,5.39,6.7,0.54,0.64,25.35,23.15,24.25,24.89,5.05,28.05,22.99,18.13,87.81,4.56,98.33,1.45,245.81,3.54
2020,10,29,5.36,6.62,0.54,0.64,25.61,23.36,24.48,25.13,4.96,28.35,23.39,18.37,87.62,3.62,98.36,1.35,219.69,3.47
2020,10,30,5.37,6.64,0.54,0.64,26.09,23.12,24.61,25.82,6.84,29.95,23.11,18.07,84.5,0.96,98.35,1.11,182,2.94
2020,10,31,4.66,6.69,0.47,0.56,25.78,23.61,24.69,25.7,5.81,29.44,23.62,18.62,88.31,7.3,98.36,1.18,169.38,3.19
2020,11,1,4.75,6.87,0.48,0.57,24.9,23.51,24.21,24.97,3.55,27.09,23.54,18.49,92.25,7.59,98.41,1.62,270.88,3.51
2020,11,2,4.08,6.67,0.41,0.49,25.35,23.37,24.36,25.41,6.02,28.94,22.92,18.37,89.38,3.66,98.44,1.7,304,4.76
2020,11,3,4.25,6.59,0.43,0.52,25.86,23.27,24.57,25.78,7.45,30.38,22.94,18.25,86.62,10.51,98.48,1.02,158.81,2.97
2020,11,4,2.45,6.44,0.25,0.3,25.28,23.19,24.24,25.27,4.93,28.28,23.35,18.13,88.75,11.4,98.46,1.28,247,2.91
2020,11,5,4.13,6.52,0.41,0.5,25.86,23.1,24.48,25.65,7.02,29.81,22.79,18.07,85.75,8.64,98.41,1.26,154.56,3.42
2020,11,6,4.19,6.42,0.42,0.51,25.75,23.62,24.69,25.58,5.52,29,23.48,18.62,88.44,22.39,98.4,1.37,170.94,3.13
2020,11,7,4.48,6.31,0.45,0.55,25.75,23.35,24.55,25.65,5.9,29.44,23.54,18.31,87.19,8.52,98.44,1.24,210.5,3.22
2020,11,8,4.3,6.45,0.44,0.52,25.76,23.42,24.59,25.69,6.81,29.54,22.72,18.43,87.56,8.8,98.38,1.18,274.94,2.79
2020,11,9,4.54,6.47,0.46,0.55,25.01,22.83,23.92,24.8,3.95,27.13,23.18,17.76,88,5.22,98.34,1.07,247.94,3.71
2020,11,10,4,6.23,0.41,0.49,25.68,22.69,24.19,25.65,6.98,29.58,22.6,17.64,84.31,0.46,98.28,1.35,252.5,3.27
2020,11,11,4.25,6.44,0.44,0.52,26.06,23.22,24.64,26.01,6.89,30.15,23.26,18.19,85.31,1.68,98.27,1.4,140.75,3.38
2020,11,12,4.49,6.06,0.46,0.55,26.33,23.38,24.85,26.58,8.23,30.99,22.76,18.37,85.19,0.68,98.31,1.73,114.12,4.2
2020,11,13,4.96,6.27,0.51,0.61,26.35,23.61,24.98,26.65,8.29,30.99,22.7,18.68,86.19,6.75,98.23,1.98,77.69,4.49
2020,11,14,5.44,6.49,0.55,0.67,26.57,23.44,25.01,26.93,8.71,31.59,22.88,18.49,84.5,1.99,98.19,1.63,79.38,4.72
2020,11,15,4.76,6.35,0.49,0.59,25.3,23.72,24.51,25.32,4.75,28.14,23.39,18.74,91.25,14.71,98.3,1.82,72.19,4.14
2020,11,16,4.93,6.48,0.51,0.62,25.7,23.42,24.56,25.85,7.48,30.12,22.64,18.43,88.19,5.81,98.28,1.94,65.88,4.12
2020,11,17,4.62,6.47,0.48,0.58,24.55,23.03,23.79,24.55,4.84,27.33,22.48,18.01,91.56,45.01,98.27,1.65,51.94,3.69
2020,11,18,4.53,6.37,0.47,0.57,26.07,22.79,24.43,26.21,9.07,30.88,21.81,17.76,83.62,10.82,98.18,1.08,118.62,3.66
2020,11,19,4.18,6.29,0.43,0.52,26.1,23.85,24.98,26.19,7.44,30.74,23.3,18.98,88.25,36.59,98.17,0.82,168.25,2.23
2020,11,20,4.96,6.21,0.52,0.62,27.19,23.95,25.57,27.29,9.41,32.96,23.55,19.17,84.12,9.17,98.19,0.76,184.94,3.13
2020,11,21,3.36,6.2,0.35,0.42,25.83,23.81,24.82,26.03,5.55,29.48,23.93,18.92,89.25,27.27,98.24,0.91,161.31,2.67
2020,11,22,4.35,6.17,0.45,0.55,25.35,23.61,24.48,25.51,5.18,28.42,23.24,18.62,90.5,12.96,98.35,1.16,236.75,2.77
2020,11,23,4.38,6.44,0.45,0.55,24.72,23.23,23.97,24.7,4.41,27.3,22.89,18.19,91.69,24.85,98.41,1.45,191.25,3.9
2020,11,24,3.66,6.47,0.38,0.46,24.55,22.3,23.42,24.72,6.33,28.26,21.94,17.21,88,29.89,98.4,1.32,194.56,3.38
2020,11,25,3.7,6.4,0.38,0.47,24.74,22.5,23.62,24.98,7.48,28.81,21.33,17.46,88.12,14.35,98.29,1.23,39.62,3.3
2020,11,26,4.57,5.99,0.48,0.58,24.88,23.02,23.95,25,5.78,27.99,22.21,18.01,89.88,4.43,98.28,1.43,41,3.36
2020,11,27,3.28,6.4,0.34,0.41,24.39,23.33,23.86,24.4,3.84,26.48,22.64,18.31,93.94,19.85,98.33,1.97,62.12,4.73
2020,11,28,3.3,6.42,0.34,0.42,24.68,22.99,23.83,24.62,5.27,27.94,22.68,17.94,90.62,16.78,98.41,2.16,110,4.77
2020,11,29,5.13,6.4,0.54,0.66,25.83,22.22,24.02,25.58,7.97,29.72,21.74,17.15,81.5,2.26,98.38,1.27,264.44,2.76
2020,11,30,4.56,6.4,0.48,0.59,25.68,23.39,24.54,25.5,5.56,28.57,23.01,18.43,87.5,3.72,98.3,1.11,241.12,2.28
2020,12,1,4.11,6.49,0.43,0.52,24.67,23.44,24.05,24.48,3.92,26.91,22.99,18.43,92.94,5.69,98.34,1.67,265.5,4.43
2020,12,2,4.7,6.45,0.49,0.6,24.62,23.36,23.99,24.63,4.85,27.26,22.4,18.37,92.88,5.53,98.28,1.73,304.88,3.67
2020,12,3,4.3,6.5,0.45,0.55,25.06,22.97,24.01,25.05,5.86,28.33,22.47,17.94,88.69,10.19,98.32,1.55,273.25,3.17
2020,12,4,3.48,6.21,0.37,0.45,24.02,23.08,23.55,24.06,4.09,26.23,22.14,18.07,94.5,5.98,98.34,1.21,68.25,3.05
2020,12,5,4.51,6.29,0.48,0.58,24.2,22.94,23.57,24.26,4.6,26.89,22.29,17.88,92.88,7.02,98.42,1.98,59.56,4.32
2020,12,6,5.42,6.38,0.57,0.7,25.89,22.51,24.2,25.9,8.86,30.55,21.69,17.46,82.81,0.08,98.41,1.57,120.25,4.8
2020,12,7,4.83,6.23,0.51,0.62,25.61,23.11,24.36,25.69,6.41,29.28,22.87,18.07,86.81,5.67,98.43,1.55,116.12,3.42
2020,12,8,3.84,6.26,0.41,0.49,25.4,23.03,24.22,25.35,6.18,28.61,22.43,18.01,87.25,5.47,98.42,1.37,126.19,3.64
2020,12,9,4.46,6.1,0.47,0.58,25.65,23.12,24.38,25.56,6.09,28.94,22.87,18.13,86.62,5.15,98.35,1.05,183.75,2.02
2020,12,10,4.04,6.07,0.43,0.52,25.64,23.07,24.35,25.53,6.34,29.36,23.02,18.07,86.56,10.83,98.32,1.39,291.25,3.34
2020,12,11,4.56,6.14,0.48,0.59,24.76,22.87,23.81,24.69,4.44,27.42,22.98,17.82,89.69,1.03,98.33,1.07,244.12,2.25
2020,12,12,3.77,6.19,0.4,0.49,24.38,23.37,23.87,24.41,3.81,26.46,22.65,18.37,94.12,4.64,98.3,1.44,268.75,3.98
2020,12,13,4.31,6.23,0.45,0.56,24.33,22.9,23.62,24.4,4.72,27.11,22.39,17.88,92,1.5,98.28,1.26,280.94,3.46
2020,12,14,4.54,6.23,0.48,0.59,24.55,22.37,23.47,24.55,6.46,28.04,21.58,17.33,88.06,5.88,98.28,1.04,257.5,2.77
2020,12,15,4.03,6.21,0.43,0.52,25.88,22.88,24.38,25.81,7.35,29.79,22.44,17.82,84.38,10.96,98.35,1.23,51.19,2.7
2020,12,16,4.39,6.28,0.47,0.57,25.37,22.76,24.06,25.23,6.34,28.83,22.49,17.7,86.44,29.33,98.42,0.93,55.88,2.8
2020,12,17,3.26,6.33,0.34,0.42,24.72,22.75,23.73,24.87,7.22,28.78,21.56,17.7,89.5,46.49,98.34,1.49,107.25,3.17
2020,12,18,1.87,6.26,0.2,0.24,24.65,22.43,23.54,24.75,6.59,28.33,21.73,17.33,88.25,21.56,98.33,1.64,43.06,3.43
2020,12,19,3.37,6.26,0.36,0.44,24.56,22.44,23.5,24.53,5.66,27.91,22.26,17.33,88.44,12.12,98.38,1.24,77.5,3.51
2020,12,20,2.51,6.41,0.27,0.33,24.26,22.79,23.52,24.21,5.75,27.69,21.94,17.7,91.69,13.54,98.42,1.82,32.81,4.09
2020,12,21,4.49,6.16,0.48,0.59,25.44,22.65,24.05,25.63,8.14,29.89,21.74,17.64,85.56,1.26,98.29,1.15,82.06,3.59
2020,12,22,4.85,6.3,0.52,0.63,25.3,22.14,23.73,25.05,5.3,28.01,22.71,17.03,83.31,0.22,98.22,1.2,138.56,3.45
2020,12,23,5.07,6.15,0.54,0.66,25.84,23.15,24.5,25.89,7.02,29.86,22.84,18.19,85.81,0.39,98.15,1.47,280.38,3.77
2020,12,24,3.86,6.02,0.41,0.5,25.23,23.29,24.26,25.18,5.78,28.72,22.94,18.31,89.44,1.08,98.16,1.44,265.19,3.12
2020,12,25,4.7,6.16,0.5,0.61,25.72,23.07,24.4,25.56,6.76,29.41,22.65,18.07,86.06,9.09,98.23,1.23,124.44,3.77
2020,12,26,3.73,6.22,0.4,0.48,25.37,23.23,24.3,25.42,6.31,29.01,22.69,18.19,88.5,26.04,98.33,1.77,110.19,4.28
2020,12,27,4.98,6.28,0.52,0.65,25.22,22.73,23.97,25.34,7.76,29.54,21.79,17.7,87.06,8.39,98.3,1.48,72.75,3.62
2020,12,28,4.3,6.16,0.45,0.55,25.8,23.24,24.52,25.89,7.56,29.82,22.26,18.31,86.75,3.86,98.23,1.15,97.38,3.66
2020,12,29,4.43,6.13,0.47,0.57,24.68,23.13,23.9,24.8,3.52,26.71,23.19,18.13,91.25,34.79,98.28,1.15,142.12,2.84
2020,12,30,5.3,6.1,0.56,0.69,25.06,22.48,23.77,25.03,6.25,28.67,22.42,17.4,86.44,2.12,98.28,1.41,68.44,3.94
2020,12,31,4.78,6.22,0.51,0.62,24.83,22.51,23.67,25.06,8.67,29.51,20.85,17.46,87.94,7.48,98.32,1.74,52.31,4.52
2021,1,1,4.06,6.34,0.43,0.52,24.12,22.84,23.48,24.16,5.07,26.98,21.9,17.82,92.81,6.93,98.33,2.06,48.44,5.07
2021,1,2,2.8,6.26,0.3,0.36,24.09,22.75,23.42,24.14,5.03,26.83,21.8,17.7,92.38,29.82,98.3,1.7,25.5,4.34
2021,1,3,0.7,6.52,0.07,0.09,23.61,22.87,23.24,23.59,3.13,25.37,22.24,17.82,95.5,68.57,98.27,1.47,300.44,3.38
2021,1,4,3.17,6.46,0.34,0.41,24.62,22.6,23.62,24.51,5.26,27.48,22.22,17.52,88.94,4.34,98.3,0.79,125.12,2.23
2021,1,5,4.6,6.28,0.48,0.59,24.76,23.38,24.07,24.74,5.07,27.53,22.46,18.43,92.25,33.88,98.26,1.64,156.38,3.55
2021,1,6,2.2,6.27,0.23,0.28,24.97,23.65,24.31,24.98,4.63,27.9,23.26,18.74,92.62,24.72,98.22,1.49,122.75,3.49
2021,1,7,4.11,6.44,0.43,0.52,24.71,23.01,23.86,24.77,5.93,27.96,22.04,18.01,90.69,13.42,98.18,1.64,40.31,5.61
2021,1,8,4.15,6.42,0.44,0.53,23.87,22.8,23.33,23.88,4.48,26.18,21.7,17.76,93.81,8.03,98.16,2.45,52.62,5.29
2021,1,9,3.4,6.42,0.36,0.44,24.33,22.9,23.62,24.38,5.66,27.58,21.91,17.88,92,5.96,98.22,2.62,49.31,6.06
2021,1,10,3.88,6.15,0.41,0.49,23.89,22.69,23.29,23.91,4.9,26.71,21.82,17.64,93.12,5.01,98.25,2.24,49.06,4.93
2021,1,11,4.13,6.35,0.43,0.52,23.48,22.37,22.93,23.5,3.88,25.65,21.77,17.27,93.62,2.72,98.33,2.36,37.69,5.6
2021,1,12,3.65,6.34,0.38,0.46,23.86,22.05,22.96,23.98,6.66,28.02,21.37,16.97,90.12,6.06,98.37,3.02,48.25,6.15
2021,1,13,4.09,6.32,0.42,0.52,22.97,21.15,22.06,23.08,6.19,26.63,20.44,16.05,90,1.23,98.39,2.64,54.25,6.55
2021,1,14,4.04,6.39,0.42,0.51,23.27,21.52,22.4,23.42,7.29,27.48,20.18,16.42,90.31,1.28,98.39,2.14,58.69,4.69
2021,1,15,4.93,6.48,0.51,0.62,24.56,21.99,23.28,24.9,8.78,29.44,20.66,16.91,86.62,1.92,98.27,1.97,82.75,4.6
2021,1,16,5.18,6.35,0.54,0.66,25.01,22.23,23.62,25.24,8.7,29.9,21.2,17.15,85.62,0.18,98.23,1.85,111.38,4.45
2021,1,17,4.33,6.06,0.45,0.55,25.25,22.72,23.98,25.49,8.27,29.91,21.64,17.7,86.88,0.53,98.3,1.74,85,4.44
2021,1,18,4.41,6.62,0.45,0.55,23.46,21.23,22.35,23.55,5.63,26.83,21.2,16.11,87.94,0.21,98.43,3.02,63.81,7.12
2021,1,19,4.3,6.62,0.45,0.54,23.8,20.88,22.34,24.13,9.02,28.85,19.83,15.75,84.94,0.2,98.38,2.24,62.31,5.18
2021,1,20,3.88,6.48,0.4,0.48,24.4,21.06,22.73,24.54,8.89,28.89,20,15.93,82.81,0.08,98.4,1.56,96.62,4.53
2021,1,21,4.32,6.24,0.45,0.54,24.25,21.84,23.05,24.48,6.45,28.17,21.73,16.72,87.19,0.37,98.37,1.5,54,3.48
2021,1,22,3.17,5.92,0.33,0.39,24.87,21.87,23.37,25.15,9.23,30.04,20.82,16.78,84.56,3.42,98.31,1.33,140,3.2
2021,1,23,3.85,6.49,0.39,0.48,25.04,22.53,23.79,25.29,8.05,29.7,21.65,17.46,87.12,15.08,98.32,1.12,94.38,3.39
2021,1,24,5.16,6.63,0.52,0.64,25.52,22.79,24.15,25.86,8.34,30.19,21.86,17.76,86.06,2.74,98.34,1.28,88.94,3.75
2021,1,25,4.27,6.55,0.44,0.52,24.69,22.41,23.55,24.83,6.04,27.91,21.88,17.33,87.75,5.01,98.35,1.57,53.81,3.59
2021,1,26,5.72,6.73,0.59,0.7,25.24,21.63,23.44,25.15,8.43,29.98,21.55,16.54,82.06,5.52,98.29,1.45,46.38,3.66
2021,1,27,4.77,6.52,0.48,0.59,25.05,22.5,23.78,25.3,8.58,29.51,20.92,17.46,86.88,20.13,98.27,1.34,75.44,3.73
2021,1,28,4.67,6.41,0.48,0.57,25.14,22.86,24,25.4,7.17,29.32,22.15,17.82,88,30.6,98.39,1.69,46.81,4.34
2021,1,29,5.76,6.93,0.59,0.7,24.3,21.76,23.04,24.51,8.11,29.08,20.98,16.66,86.81,2.83,98.46,2.36,50.5,5.06
2021,1,30,5.44,6.6,0.55,0.66,24.3,21.8,23.05,24.52,8,28.89,20.88,16.66,87,0.56,98.46,2.41,51.25,5.12
2021,1,31,5.1,6.67,0.52,0.62,24.31,22.04,23.17,24.57,9.07,29.1,20.03,16.97,87.94,18.27,98.45,2.17,57.69,4.93
2021,2,1,4.85,6.55,0.49,0.59,24.65,22.48,23.57,24.83,8.2,29.11,20.9,17.4,88.5,1.31,98.49,2.52,54.88,5.33
2021,2,2,5.74,6.71,0.58,0.7,24.97,22.4,23.69,25.22,8.28,29.73,21.45,17.27,86.62,0.06,98.48,2.36,55.56,5.27
2021,2,3,5.69,6.63,0.57,0.69,24.93,22.18,23.55,25.23,8.66,29.91,21.24,17.09,85.81,0.2,98.46,2.15,55.12,5.01
2021,2,4,5.89,6.67,0.59,0.71,24.14,21.03,22.58,24.33,8.66,29.09,20.43,15.87,84.12,0.04,98.49,2.75,49.25,5.85
2021,2,5,6.36,6.79,0.63,0.77,24.62,21.61,23.11,24.91,11.28,30.36,19.08,16.54,84.88,0.83,98.44,2.09,56.31,4.58
2021,2,6,6.42,6.98,0.64,0.77,25.11,22.42,23.76,25.38,8.79,30.08,21.29,17.33,86.12,0.32,98.34,2.44,65.19,5.48
2021,2,7,6.5,7.03,0.65,0.78,25.33,22.03,23.68,25.57,10.55,31.15,20.59,16.97,83.62,0.33,98.32,2.19,45.94,5.25
2021,2,8,5.78,6.86,0.58,0.69,25.6,22.68,24.14,25.88,9.68,30.56,20.87,17.64,85.25,2.47,98.31,1.83,41.12,4.34
2021,2,9,5.39,6.66,0.54,0.64,26.47,22.59,24.53,26.6,9.77,31.65,21.87,17.58,80.88,0.24,98.24,1.34,130.88,3.89
2021,2,10,5.12,6.66,0.51,0.61,25.63,23.27,24.45,25.84,7.38,29.55,22.17,18.31,87.44,5.35,98.24,1.34,123.81,3.83
2021,2,11,4.98,6.82,0.49,0.59,25.33,22.24,23.79,25.62,8.17,30.21,22.04,17.15,84.19,0.45,98.32,2.06,94.25,4.55
2021,2,12,5.33,6.86,0.52,0.63,25.65,22.42,24.03,25.98,9.45,30.96,21.51,17.33,83.81,1.83,98.4,1.95,45.81,4.5
2021,2,13,5.93,6.97,0.59,0.7,25.8,22.49,24.15,26.07,9.27,30.8,21.54,17.4,83.31,0.36,98.46,1.91,40.94,4.64
2021,2,14,5.75,6.66,0.57,0.68,25.94,22.47,24.2,26.21,9.05,30.81,21.75,17.4,82.44,0.05,98.46,2.01,121.75,4.55
2021,2,15,6.28,6.77,0.62,0.73,25.22,21.73,23.48,25.55,9.34,30.48,21.13,16.6,82.38,0,98.39,2.24,37.94,4.52
2021,2,16,5.87,6.97,0.58,0.69,25.21,21.14,23.17,25.43,9.75,30.38,20.63,16.05,79.81,0,98.35,1.73,129.12,4.71
2021,2,17,6.49,7.05,0.64,0.76,24.19,20.75,22.47,24.54,9.94,29.95,20.02,15.62,82.56,2.69,98.42,2.44,56.81,5.36
2021,2,18,6.44,7.09,0.63,0.75,23.15,19.48,21.31,23.33,10.86,28.7,17.84,14.47,81.62,0.23,98.52,2.86,42,6.45
2021,2,19,5.22,7.02,0.51,0.61,23.97,20.45,22.21,24.21,9.93,29.37,19.44,15.32,82.38,0,98.51,3.02,45.31,6.77
2021,2,20,4.59,7.08,0.45,0.53,24.25,21.07,22.66,24.57,9.16,29.66,20.51,15.93,83.81,0,98.46,2.78,54,5.84
2021,2,21,6.07,7.1,0.59,0.7,24.5,21.15,22.83,24.87,9.86,30.05,20.19,16.05,83.06,0,98.44,2.31,57.12,5.01
2021,2,22,5.8,6.98,0.56,0.67,24.44,20.26,22.35,24.74,10.28,30.25,19.98,15.14,79.44,0.01,98.43,2.3,50.44,4.98
2021,2,23,6.39,7.11,0.62,0.73,24.65,19.73,22.19,24.62,12.25,30.75,18.5,14.71,76.19,0.04,98.33,1.88,146.44,5.73
2021,2,24,6.37,6.96,0.62,0.73,24.84,20.63,22.73,24.9,11.98,30.93,18.95,15.56,79.31,0,98.26,2.12,172.81,4.54
2021,2,25,6.51,7.17,0.63,0.75,25.37,21.23,23.3,25.22,9.91,30.92,21,16.17,79.25,0,98.25,1.81,218,4.46
2021,2,26,7.3,7.39,0.71,0.84,25.46,20.98,23.22,25.15,10.12,31.15,21.03,15.93,78.81,0,98.17,2.29,315.31,5.36
2021,2,27,7.1,7.42,0.69,0.81,25.08,19.49,22.29,24.9,11.41,31.25,19.83,14.53,74.56,0,98.17,1.81,305.38,3.84
2021,2,28,5.83,7.09,0.56,0.66,25.7,21.23,23.47,25.8,11.74,31.56,19.82,16.17,77.81,0.24,98.25,1.3,131.5,3.31
2021,3,1,4.76,6.58,0.46,0.55,26.12,22.69,24.4,26.49,8.66,30.89,22.23,17.64,82.75,0.11,98.43,1.31,107.19,3.47
2021,3,2,5.82,6.75,0.56,0.66,25.76,22.12,23.94,26.03,9.98,31.33,21.34,17.03,82.12,9.04,98.42,1.71,60.38,3.47
2021,3,3,5.33,7.01,0.52,0.61,25.57,21.65,23.61,25.76,10.53,31.37,20.83,16.54,81.19,5.78,98.44,1.62,66.69,3.3
2021,3,4,5.75,6.9,0.55,0.66,25.36,22.62,23.98,25.55,8.6,30.13,21.53,17.52,85.94,1.34,98.45,2.12,70.81,4.75
2021,3,5,5.91,7,0.57,0.67,25.8,22.94,24.37,25.99,7.79,30.43,22.64,17.88,85.38,0.49,98.43,2.16,73,4.42
2021,3,6,5.2,6.95,0.5,0.59,25.94,23.1,24.52,26.22,8.62,30.6,21.99,18.07,85.56,29.43,98.44,1.97,46.62,4.73
2021,3,7,4.41,7,0.42,0.5,25.85,22.35,24.1,25.9,6.96,29.64,22.68,17.27,82.56,18.47,98.52,0.77,219.56,2.04
2021,3,8,6.7,7.28,0.64,0.76,25.83,21.94,23.89,25.91,10,31.12,21.13,16.78,80.56,0.55,98.48,1.43,55,3.59
2021,3,9,6.78,7.31,0.65,0.77,24.4,21.19,22.79,24.52,9.95,29.44,19.5,16.05,83.81,0,98.5,2.2,42.75,4.62
2021,3,10,6.45,7.32,0.62,0.73,24.94,21.44,23.19,25.2,11.33,30.75,19.43,16.36,82.5,0.14,98.46,2.05,37.31,4.26
2021,3,11,5.49,6.99,0.52,0.62,24.77,22.19,23.48,24.94,8.43,29.26,20.83,17.09,86.5,7.36,98.48,2.12,44.88,5.05
2021,3,12,3.55,7.25,0.34,0.4,24.03,21.99,23.01,24.09,6.77,27.65,20.87,16.85,89,12.69,98.54,1.84,35.81,4.14
2021,3,13,5.27,7.09,0.51,0.59,24.78,22.04,23.41,24.87,8.03,29.18,21.15,16.91,85.81,14.19,98.5,1.52,32.44,3.63
2021,3,14,5.34,6.99,0.51,0.6,25.69,22.17,23.93,25.84,9.15,30.42,21.27,17.09,82.38,2.21,98.36,1.26,66.75,3.14
2021,3,15,5.75,7.06,0.55,0.65,25.69,22.69,24.19,25.98,8.55,30.53,21.98,17.64,84.81,7.76,98.3,1.63,65.69,3.93
2021,3,16,4.23,6.97,0.41,0.48,25.31,23.06,24.19,25.55,7.3,29.49,22.19,18.07,88.19,19.75,98.27,1.66,88.12,3.72
2021,3,17,5.11,7.01,0.49,0.57,25.65,22.82,24.23,25.82,7.91,30.14,22.23,17.76,85.38,3.34,98.26,1.12,154.5,3.37
2021,3,18,5.44,6.79,0.52,0.61,26.26,22.63,24.44,26.07,7.97,30.62,22.66,17.58,81.56,0.54,98.22,0.99,114.38,2.75
2021,3,19,5.1,6.7,0.48,0.57,26.43,22.4,24.41,26.48,10.12,31.42,21.3,17.33,80,3.67,98.18,1.04,179.25,2.8
2021,3,20,5.21,6.71,0.5,0.59,26.87,22.8,24.83,26.89,9.18,31.85,22.67,17.82,80.06,9.21,98.09,0.91,188,2.7
2021,3,21,5.06,6.81,0.48,0.57,27.01,22.88,24.95,26.56,8.45,31.12,22.68,17.88,79.38,4.83,98.11,0.73,151.25,2.05
2021,3,22,5.96,7.04,0.57,0.66,26.16,23.03,24.59,26.42,9.38,31.49,22.12,18.01,84.44,11.06,98.25,2.19,61.44,5.5
2021,3,23,2.51,7.14,0.24,0.28,24.67,22.98,23.83,24.72,6.29,27.94,21.65,17.94,90.75,52.41,98.31,1.86,48,4.62
2021,3,24,2.88,6.93,0.27,0.32,24.37,23.11,23.74,24.4,4.95,27.28,22.33,18.13,92.88,49.14,98.27,1.82,44.69,3.86
2021,3,25,3.9,7.22,0.38,0.44,24.81,23.09,23.95,24.92,6.82,28.87,22.05,18.13,90.75,32.37,98.21,2.08,55.06,4.34
2021,3,26,4.88,6.95,0.47,0.55,25.35,23.03,24.19,25.61,8.77,30.19,21.42,18.07,87.94,11.5,98.18,2.14,68,4.57
2021,3,27,4.95,6.98,0.48,0.55,25.48,23.52,24.5,25.76,7.84,29.82,21.98,18.62,89.62,52.13,98.15,1.83,84.56,4.44
2021,3,28,5.51,6.93,0.52,0.62,26.23,23.41,24.83,26.44,8,30.45,22.45,18.49,85.56,13.05,98.13,1.45,137.69,3.23
2021,3,29,4.09,6.95,0.39,0.46,26.07,23.5,24.79,26.2,7.62,30.43,22.8,18.55,86.81,20.71,98.14,1.41,147.06,3.24
2021,3,30,6.28,7.08,0.6,0.7,26.6,23.64,25.12,26.62,8.14,31.25,23.11,18.74,85,24.81,98.06,1.46,256.12,3.8
2021,3,31,5.89,7.15,0.56,0.66,25.76,23.75,24.75,25.65,4.61,28.45,23.84,18.86,89.06,7.31,98.04,1.64,256.25,5.07
2021,4,1,5.81,7.1,0.55,0.65,25.71,23.03,24.37,25.62,5.52,29.02,23.5,18.01,85.75,1.58,98.11,2.25,278.81,5.01
2021,4,2,6.11,7.09,0.59,0.69,26.09,23.26,24.68,25.86,6.84,29.79,22.95,18.31,85.19,10.35,98.17,1.74,241.69,3.9
2021,4,3,5.49,7.13,0.52,0.62,25.58,23.48,24.53,25.6,6.92,30.1,23.18,18.55,88.88,5.35,98.19,1.61,218,4.48
2021,4,4,5.03,7.08,0.48,0.56,25.73,23.4,24.57,25.58,6.45,29.22,22.76,18.43,87.44,8.21,98.19,1.55,243.94,3.66
2021,4,5,3.4,7,0.33,0.38,25.37,23.82,24.59,25.13,3.49,27.49,24,18.86,91.31,23.6,98.34,1.67,296.94,4.25
2021,4,6,4.48,7.04,0.43,0.51,26.33,23.01,24.67,26.07,7.88,30.35,22.47,18.01,83,3.88,98.37,0.92,54.31,2.89
2021,4,7,5.01,6.94,0.48,0.56,26.05,23.16,24.61,25.98,7.12,29.93,22.81,18.13,84.94,5.64,98.44,1.12,204.12,2.8
2021,4,8,5.02,7,0.48,0.56,26,22.68,24.34,26.14,8.26,30.27,22.02,17.64,83.38,3.86,98.33,1.7,268.06,4.65
2021,4,9,5.28,7.06,0.51,0.59,26.48,23.57,25.03,26.23,6.32,30.4,24.08,18.62,85,4.06,98.29,1.08,278.94,2.78
2021,4,10,6.1,6.94,0.59,0.69,26.41,23.05,24.73,26.37,8.03,30.63,22.6,18.01,83,4.31,98.39,1.1,84.38,2.68
2021,4,11,5.72,6.77,0.55,0.65,25.84,23.22,24.53,26.03,7.97,30.24,22.27,18.19,86.5,18.24,98.46,1.61,73,3.41
2021,4,12,5.7,6.67,0.55,0.65,25.54,22.87,24.2,25.6,7.12,29.53,22.4,17.76,86.12,14.63,98.51,1.77,95.38,3.35
2021,4,13,4.73,6.69,0.46,0.54,26.26,22.45,24.36,25.93,8.14,30.18,22.04,17.33,80.75,11.35,98.48,1,94.31,3.33
2021,4,14,5.27,6.91,0.51,0.6,26.52,22.58,24.55,26.11,8.3,30.52,22.22,17.52,79.88,3.61,98.42,1.13,162.19,2.41
2021,4,15,5.07,6.78,0.49,0.58,25.9,23.22,24.56,25.41,5.6,29.29,23.69,18.19,85.69,11.35,98.39,1.18,268.44,3.5
2021,4,16,3.09,6.82,0.3,0.35,26.73,22.68,24.71,26.16,7.5,30.65,23.14,17.64,79.62,13,98.38,0.61,233.5,1.39
2021,4,17,5.37,6.77,0.52,0.61,26.09,23.27,24.68,26.12,7.3,30.05,22.75,18.25,85.31,7.82,98.52,0.98,256.81,2.34
2021,4,18,5.44,7.04,0.53,0.62,26.86,23.04,24.95,26.66,7.62,31.4,23.77,18.01,80.94,0.94,98.49,1.06,214.69,2.91
2021,4,19,4.24,6.8,0.41,0.48,25.58,23.33,24.45,25.63,5.53,28.76,23.23,18.31,87.88,7.49,98.42,1.66,264.81,4.2
2021,4,20,5.58,7.03,0.55,0.64,25.85,23.26,24.56,25.81,7.41,29.99,22.57,18.25,86.5,0.77,98.36,1.6,303.62,3.94
2021,4,21,4.71,6.9,0.46,0.54,26.24,23.67,24.96,26.3,6.98,30.06,23.08,18.74,86.38,1.11,98.37,1.03,173.44,2.77
2021,4,22,3.86,6.96,0.38,0.45,25.2,24.53,24.87,25.17,3.08,26.9,23.82,19.71,96,17.95,98.37,1.71,269.88,4.33
2021,4,23,5.98,7.18,0.59,0.69,25.06,23.18,24.12,25.08,5.16,28.12,22.97,18.13,89.75,9.77,98.41,1.89,249.94,3.91
2021,4,24,4.87,6.89,0.48,0.56,25.36,23.23,24.3,25.38,5.76,28.87,23.11,18.19,88.56,2.96,98.41,1.61,263.69,3.4
2021,4,25,5.24,7.03,0.52,0.6,26.91,22.74,24.83,26.89,8.76,31.37,22.61,17.7,79.56,0.74,98.37,1.07,231.25,2.61
2021,4,26,4.44,6.86,0.44,0.52,26.72,23.41,25.06,26.69,6.98,30.26,23.28,18.43,82.88,20.66,98.33,0.79,146,2.43
2021,4,27,4.26,6.74,0.42,0.49,25.48,23.55,24.51,25.37,5.45,28.82,23.37,18.55,89.5,11.45,98.38,1.2,227,4.12
2021,4,28,4.41,6.77,0.44,0.51,25.87,24.01,24.94,25.87,5.87,29.21,23.34,19.1,89.81,9.56,98.44,1.02,100.62,2.84
2021,4,29,4.36,6.63,0.43,0.51,26.12,24.01,25.07,26.18,5.8,29.42,23.62,19.1,88.75,7.25,98.36,1.32,130.06,3.1
2021,4,30,4.62,6.57,0.45,0.54,25.83,23.91,24.87,25.85,5.54,29.21,23.67,18.98,89.69,7.21,98.36,1.32,111.06,3.95
2021,5,1,5.58,6.69,0.55,0.65,26.57,23.66,25.12,26.64,8.4,31.05,22.64,18.74,85.31,14.99,98.33,1.36,90.25,3.2
2021,5,2,4.85,6.88,0.48,0.56,26.32,23.9,25.12,26.41,7.63,30.62,22.99,18.98,87.56,27.09,98.31,1.7,92.19,3.82
2021,5,3,5.56,6.87,0.55,0.65,26.23,23.79,25.01,26.37,7.91,30.73,22.82,18.86,87.5,13.53,98.15,1.88,81.38,3.8
2021,5,4,4.99,6.79,0.49,0.59,25.92,23.43,24.68,25.98,7.27,29.79,22.52,18.49,87.06,4.43,98.13,1.46,55.31,3.32
2021,5,5,5.09,6.88,0.51,0.6,26.29,23.5,24.89,26.39,8.07,30.55,22.49,18.55,85.75,16.52,98.16,1.3,51.25,2.91
2021,5,6,4.71,6.69,0.47,0.55,26.86,23.3,25.08,26.73,7.11,30.48,23.37,18.31,82.06,11.72,98.28,0.77,157.38,2.3
2021,5,7,5.74,6.8,0.57,0.68,25.89,23.83,24.86,25.9,6.38,29.51,23.12,18.92,88.94,3.2,98.33,1.62,64.56,3.71
2021,5,8,3.9,6.56,0.39,0.46,26.94,23.42,25.18,26.97,7.71,30.98,23.26,18.49,82.56,2.63,98.25,0.98,165.25,2.89
2021,5,9,5.45,6.67,0.55,0.64,27.11,23.65,25.38,27.08,7.67,31.13,23.46,18.74,82.56,1.56,98.19,0.77,143.62,2.25
2021,5,10,5.67,6.78,0.57,0.67,26.87,24.47,25.67,27.05,6.48,30.46,23.98,19.65,87.25,0.6,98.14,1.11,154.5,2.63
2021,5,11,4.64,6.57,0.47,0.55,26.98,24.6,25.79,27.14,6.38,30.58,24.2,19.84,87.62,2.88,98.1,0.96,156,3.01
2021,5,12,4.34,6.72,0.44,0.52,27.01,24.59,25.8,26.84,5.18,30.01,24.83,19.84,87.25,20.26,98.09,0.98,187.06,2.68
2021,5,13,4.8,6.6,0.48,0.57,27.08,24.51,25.79,27.06,7.03,31.03,24,19.78,86.56,4.86,98.02,1.2,191.44,3.38
2021,5,14,4.51,6.53,0.45,0.54,26.64,24.34,25.49,26.83,6.62,30.78,24.15,19.53,88.06,13.18,98.07,1.44,240.19,3.48
2021,5,15,5.11,6.61,0.52,0.61,27.13,24.12,25.63,27.19,7.65,31.33,23.69,19.29,84.69,12.01,98.09,1.27,232.38,2.77
2021,5,16,4.62,6.54,0.47,0.55,27.23,24.41,25.82,27.08,5.88,30.29,24.41,19.59,85.31,26.78,98.13,1.23,217.88,2.81
2021,5,17,2.42,6.3,0.24,0.29,26.62,24.46,25.54,26.6,6.12,30.65,24.52,19.65,88.5,50.68,98.23,1.2,221.62,3.48
2021,5,18,4.4,6.39,0.45,0.53,25.74,24.01,24.87,25.79,5.15,28.62,23.47,19.1,90.56,28.88,98.29,1.91,248.94,4.28
2021,5,19,3.82,6.7,0.39,0.46,26.55,23.37,24.96,26.54,7.71,30.76,23.05,18.37,84,11.88,98.29,1.01,274.94,2.98
2021,5,20,4.03,6.63,0.41,0.48,26.19,24.05,25.12,26.19,5.7,29.23,23.52,19.17,88.44,0.21,98.3,1.09,215.94,2.62
2021,5,21,3.98,6.49,0.41,0.48,26.06,23.86,24.96,26.05,6.02,29.35,23.33,18.92,88.19,0.41,98.38,1.38,219.12,2.88
2021,5,22,4.96,6.58,0.51,0.6,25.65,23.31,24.48,25.58,6.04,28.87,22.82,18.31,87.56,0.07,98.35,1.43,240,2.95
2021,5,23,6.05,6.57,0.62,0.73,27.01,23.51,25.26,26.82,7.46,30.9,23.44,18.55,82.06,0,98.29,1.3,267.25,2.52
2021,5,24,5.05,6.41,0.52,0.61,27.12,23.73,25.43,26.71,6.19,30.52,24.33,18.8,82.38,2.8,98.34,0.95,201.25,3.13
2021,5,25,4.82,6.38,0.49,0.59,26.84,23.93,25.39,26.85,7.66,30.97,23.31,19.04,85,1.28,98.27,1.26,142.81,2.84
2021,5,26,4.79,6.39,0.49,0.59,26.42,24.15,25.29,26.41,6.27,29.97,23.69,19.29,87.88,1.16,98.24,1.41,91,3.12
2021,5,27,2.72,6.26,0.28,0.33,26.3,24.01,25.15,26.24,5.51,29.52,24.01,19.1,88.06,5.62,98.34,1.11,184.19,2.94
2021,5,28,5.73,6.44,0.59,0.7,27.11,23.83,25.47,27.08,7.59,31.17,23.59,18.92,83.56,4.8,98.39,1.3,236.88,3.27
2021,5,29,5.48,6.56,0.56,0.67,26.16,23.98,25.08,26,5.66,29.62,23.96,19.04,88.12,1.88,98.39,1.83,181.19,4.37
2021,5,30,4.9,6.25,0.5,0.6,26.5,24.13,25.32,26.5,6.68,30.54,23.85,19.29,87.69,1.72,98.25,1.48,167.56,3.99
2021,5,31,5.6,6.49,0.58,0.69,25.9,23.62,24.76,25.85,5.37,29.17,23.8,18.68,87.75,6.45,98.2,1.76,191.12,4.03
2021,6,1,5.68,6.6,0.59,0.7,26.06,24.03,25.05,26.04,5.79,29.34,23.55,19.17,89,4.11,98.2,1.75,180.38,3.63
2021,6,2,5.12,6.53,0.52,0.63,26.23,24.26,25.25,26.3,6.91,30.13,23.22,19.41,89.62,1.17,98.19,1.62,143.06,2.98
2021,6,3,5.19,6.51,0.53,0.64,26.39,24.43,25.41,26.42,5.87,29.86,23.99,19.59,89.56,2.06,98.29,1.63,133.31,3.2
2021,6,4,5.47,6.6,0.56,0.67,26.26,24.45,25.35,26.05,5.25,29.07,23.82,19.65,90.12,10.36,98.32,1.62,156.88,3.08
2021,6,5,5.22,6.59,0.54,0.64,26.14,23.98,25.06,25.72,4.9,28.98,24.07,19.04,88.25,8.81,98.35,1.48,194.5,3.28
2021,6,6,4.99,6.49,0.52,0.62,25.58,23.76,24.67,24.99,4.42,27.94,23.51,18.8,89.75,8.18,98.38,1.61,225.38,4.05
2021,6,7,4.93,6.64,0.51,0.61,25.71,22.8,24.26,25.19,5.3,28.52,23.23,17.76,84.38,7.28,98.41,1.76,205.31,3.64
2021,6,8,5.41,6.35,0.56,0.67,25.36,23,24.18,25.08,6.11,28.72,22.61,17.94,87.19,4.01,98.4,1.7,168.94,3.58
2021,6,9,4.12,6.45,0.43,0.51,25.46,23.28,24.37,25.21,4.81,28.11,23.3,18.25,88.06,10.36,98.34,1.63,196.06,3.45
2021,6,10,4,6.52,0.41,0.49,25.41,23.12,24.26,25.19,5.61,28.67,23.06,18.13,87.56,11.8,98.27,1.73,266.06,3.68
2021,6,11,3.66,6.59,0.38,0.45,26.07,22.44,24.26,25.76,8.33,31.13,22.8,17.4,81.88,5.11,98.27,1.24,205.81,3.58
2021,6,12,3.96,6.31,0.41,0.49,25.31,23.29,24.3,25.17,6.46,28.65,22.19,18.31,88.94,5.04,98.34,1.4,134.75,3.5
2021,6,13,3.9,6.31,0.41,0.48,25.21,23.23,24.22,25.05,4.84,28.05,23.2,18.19,89.12,5.31,98.39,1.72,170.38,3.66
2021,6,14,4.51,6.48,0.47,0.56,25.4,23.44,24.42,25.44,6.5,29.09,22.59,18.43,89.44,3.47,98.32,1.6,150.38,3.35
2021,6,15,4.41,6.49,0.46,0.55,26.03,23.37,24.7,25.96,6.69,30.05,23.37,18.37,86.19,3.55,98.28,1.38,184.25,3.66
2021,6,16,4.95,6.51,0.52,0.62,25.9,21.94,23.91,25.37,6.3,30.06,23.76,16.85,79.75,1.09,98.43,1.15,158.5,3.34
2021,6,17,5.55,6.7,0.58,0.69,25.07,22.9,23.98,24.93,5.32,28.13,22.81,17.88,88.06,2.94,98.48,1.54,145.69,3.52
2021,6,18,4.92,6.5,0.51,0.61,25.86,22.77,24.32,25.89,7.31,29.96,22.65,17.7,84.19,0.99,98.52,1.31,178.31,3.87
2021,6,19,4.79,6.51,0.5,0.59,25.62,22.85,24.23,25.37,5.62,28.63,23.01,17.76,85.19,1.18,98.53,1.34,201.25,2.62
2021,6,20,3.59,6.54,0.38,0.45,25.41,22.87,24.14,25.35,5.76,28.84,23.08,17.76,86.5,5.82,98.51,1.58,243.62,3.56
2021,6,21,5.89,6.62,0.61,0.73,25.1,22.68,23.89,25.16,6.02,28.62,22.59,17.58,87.19,4.86,98.48,1.8,249.94,3.79
2021,6,22,5.61,6.69,0.59,0.7,24.98,22.02,23.5,24.93,6.33,28.35,22.02,16.91,84.5,2.73,98.47,2.19,214.31,4.65
2021,6,23,5.3,6.64,0.55,0.66,24.95,22.86,23.9,24.93,5.51,28.09,22.58,17.76,88.62,2.96,98.5,1.99,249.5,4.22
2021,6,24,5.82,6.52,0.61,0.73,25.77,22.11,23.94,25.51,7.41,30.1,22.69,17.03,81.56,0.15,98.42,1.18,224.88,3.59
2021,6,25,5.57,6.56,0.58,0.7,25.58,23.13,24.35,25.44,6.12,29.08,22.96,18.13,86.94,3.35,98.35,1.59,290.62,3.52
2021,6,26,5.59,6.7,0.58,0.7,26.22,22.84,24.53,26.11,7.16,30.4,23.23,17.82,83.25,7.45,98.35,1.24,268,3.88
2021,6,27,5.36,6.67,0.55,0.66,25.24,23.58,24.41,25.26,5.45,28.41,22.97,18.62,90.94,22.17,98.46,1.67,175.75,3.3
2021,6,28,5.18,6.6,0.54,0.65,25.49,23.12,24.3,25.47,6.2,28.95,22.76,18.07,87.31,9.6,98.41,1.48,195.12,2.9
2021,6,29,3.93,6.5,0.41,0.49,25.79,22.72,24.25,25.51,5.67,28.92,23.25,17.64,83.88,8.27,98.41,1.09,255.38,3.15
2021,6,30,6.02,6.73,0.62,0.75,25.02,22.96,23.99,25.01,5.01,27.83,22.83,17.88,88.69,4.73,98.39,1.55,203.62,3.47
2021,7,1,5.74,6.73,0.59,0.71,24.98,23.21,24.09,24.83,4.54,27.61,23.07,18.19,90.06,6.69,98.37,1.6,162.31,3.91
2021,7,2,5.76,6.35,-999,-999,25.95,22.79,24.37,25.83,6.94,29.76,22.82,17.7,83.69,2.64,98.31,1.2,194.31,3.07
2021,7,3,4.47,-999,-999,-999,25.63,23.3,24.47,25.37,5.69,28.87,23.19,18.31,87.38,11.18,98.29,1.43,259.88,3.46
2021,7,4,3.39,-999,-999,-999,25.23,23.62,24.42,24.96,4.48,27.98,23.51,18.68,91,12.96,98.27,1.41,230.5,3.12
2021,7,5,3.63,-999,-999,-999,24.76,23.31,24.04,24.66,4.16,27.28,23.12,18.37,91.94,20.54,98.24,1.88,210.5,3.59
2021,7,6,3.12,-999,-999,-999,24.83,23.03,23.93,24.62,4.85,27.67,22.82,18.01,90.12,8.02,98.2,2.15,219.69,5.35
2021,7,7,5.94,-999,-999,-999,25.55,23.09,24.32,25.25,6.35,29.08,22.72,18.07,86.81,0.15,98.24,1.43,175.19,3.2
2021,7,8,-999,-999,-999,-999,25.19,23.36,24.27,24.98,5,27.92,22.92,18.37,89.94,2.97,98.26,1.58,152.06,3.08
2021,7,9,3.35,-999,-999,-999,25.68,22.79,24.23,25.3,6.01,28.94,22.93,17.76,84.62,7.17,98.16,1.34,189.31,3.25
2021,7,10,4.76,-999,-999,-999,25.65,23.21,24.43,25.82,7.43,29.6,22.18,18.25,87,5.19,98.09,1.29,90.69,3.67
2021,7,11,4,-999,-999,-999,25.08,23.42,24.25,25.12,5.02,27.98,22.97,18.43,90.88,8.6,98.27,1.33,172.19,4
2021,7,12,5.08,-999,-999,-999,25.04,23.08,24.06,25.22,6.33,28.46,22.14,18.07,89.38,24.41,98.32,1.19,274.69,2.97
2021,7,13,2.97,-999,-999,-999,24.06,23.04,23.55,24.13,4.33,26.4,22.07,18.01,94.19,2.89,98.29,1.99,216.81,4
2021,7,14,4.3,-999,-999,-999,24.23,21.51,22.87,24.15,5.76,27.36,21.61,16.36,85.62,0.03,98.3,1.52,164.62,3.84
2021,7,15,5.98,-999,-999,-999,25.51,22.18,23.85,24.8,7.55,29.9,22.35,17.09,82.38,0,98.3,1.48,207.88,3.59
2021,7,16,6.13,6.47,-999,-999,25.41,22.63,24.02,25.08,7.23,29.32,22.09,17.58,84.94,0,98.37,1.59,143.31,3.28
2021,7,17,-999,-999,-999,-999,25.9,23.48,24.69,25.8,7.22,30.26,23.05,18.49,87.19,5.04,98.28,1.77,171.62,3.08
2021,7,18,5.01,-999,-999,-999,25.73,23.08,24.4,25.38,7.03,29.5,22.47,18.07,85.75,6.01,98.22,1.71,192.19,3.46
2021,7,19,6.42,-999,-999,-999,25.67,22.61,24.14,25.06,5.76,28.72,22.96,17.52,83.56,0.06,98.32,1.96,208.81,4.34
2021,7,20,5.06,-999,-999,-999,25.51,22.9,24.2,25.03,6.27,28.85,22.58,17.82,85.88,0.01,98.43,1.93,214.12,3.73
2021,7,21,5.83,-999,-999,-999,25.32,23.45,24.39,25.14,6.2,28.69,22.48,18.43,89.88,1.15,98.4,2.05,177.75,4.4
2021,7,22,5.64,-999,-999,-999,25.36,23.81,24.58,25.21,4.93,28.33,23.4,18.86,91.5,4.42,98.35,2.04,169.06,4.77
2021,7,23,5.68,-999,-999,-999,25.45,23.44,24.44,25.23,5.65,28.6,22.95,18.43,89,1.3,98.34,1.82,198.44,3.87
2021,7,24,5,-999,-999,-999,25.48,23.15,24.31,25.46,6.53,29.38,22.84,18.13,87.69,0.01,98.35,1.85,176.69,3.91
2021,7,25,4.6,-999,-999,-999,25.44,23.56,24.5,25.24,5.66,28.56,22.9,18.55,89.75,0,98.35,1.73,161.88,3.38
2021,7,26,5.01,-999,-999,-999,26.08,23.78,24.93,25.76,6.23,29.62,23.39,18.86,87.69,6.95,98.29,1.42,178.19,3.05
2021,7,27,4.56,-999,-999,-999,25.56,23.66,24.62,25.49,5.11,28.65,23.55,18.74,89.69,9.43,98.29,1.84,196,4.05
2021,7,28,5.71,-999,-999,-999,25.37,23.37,24.37,25.33,6.22,28.91,22.69,18.37,89.19,5.33,98.28,1.91,181.62,4.2
2021,7,29,3.12,-999,-999,-999,24.83,23.21,24.02,24.51,3.7,26.71,23.01,18.19,90.88,3.68,98.39,1.95,167.06,4.52
2021,7,30,2.06,-999,-999,-999,25.18,23.27,24.23,24.65,4.99,27.85,22.85,18.25,89.31,4.3,98.47,1.54,196.5,3.34
2021,7,31,6.04,-999,-999,-999,25.61,23.37,24.48,25.34,5.28,28.7,23.42,18.31,87.88,4.49,98.46,1.55,238.12,3.61
2021,8,1,4.32,-999,-999,-999,24.98,23.23,24.1,24.97,4.98,27.78,22.8,18.19,90.44,5.63,98.41,1.81,223.75,4.41
2021,8,2,-999,-999,-999,-999,25.15,22.91,24.03,24.94,5.13,28.15,23.01,17.82,87.88,2.85,98.39,1.81,200.69,3.84
2021,8,3,5.49,-999,-999,-999,25.8,23.34,24.57,25.5,6.18,29.36,23.19,18.31,86.75,3.68,98.44,1.41,195.44,3.2
2021,8,4,5.82,-999,-999,-999,24.69,23.12,23.9,24.49,5.3,27.69,22.39,18.07,91.31,6.82,98.52,2.02,215.12,5.07
2021,8,5,4.65,-999,-999,-999,24.98,22.41,23.69,24.98,7.09,28.84,21.75,17.27,86.31,0.39,98.47,1.99,197.62,3.93
2021,8,6,6.54,-999,-999,-999,25.33,23.43,24.38,25.29,5.97,28.81,22.84,18.43,89.69,2.7,98.42,1.77,164.5,3.34
2021,8,7,6.33,-999,-999,-999,26.04,23.51,24.78,25.78,6.81,29.63,22.83,18.49,86.5,2.86,98.42,1.37,181.5,2.62
2021,8,8,4.13,-999,-999,-999,26.3,23.69,24.99,26.05,6.45,30.3,23.85,18.68,86.25,6.41,98.45,1.23,204.69,3.06
2021,8,9,6.68,-999,-999,-999,26.03,23.73,24.88,26.1,6.94,30.03,23.09,18.8,87.94,7.1,98.35,1.55,282.31,3.48
2021,8,10,5.68,-999,-999,-999,26.15,23.49,24.82,26.14,7.11,30.12,23.01,18.49,86.06,4.12,98.28,1.76,243.38,3.45
2021,8,11,5.73,-999,-999,-999,25.85,23.3,24.57,25.56,6.09,29.3,23.21,18.25,86.19,5.61,98.36,1.77,205.19,4.34
2021,8,12,5.8,-999,-999,-999,25.89,23.17,24.53,25.92,7.13,29.99,22.86,18.07,85.81,2.65,98.5,1.91,150.69,4.06
2021,8,13,6.38,-999,-999,-999,25.97,23.13,24.55,26.15,7.86,30.47,22.61,18.07,85.44,1.42,98.33,1.92,153,4.05
2021,8,14,5.39,-999,-999,-999,25.76,23.28,24.52,25.95,7.29,29.79,22.5,18.25,87.06,7.56,98.24,1.4,143,3.61
2021,8,15,3.22,-999,-999,-999,25.36,23.79,24.58,25.46,4.88,28.44,23.55,18.86,91.44,13.88,98.33,1.82,149.12,3.66
2021,8,16,4.93,-999,-999,-999,25.69,23.21,24.45,25.8,6.59,29.23,22.63,18.13,86.81,11.42,98.52,1.18,98.81,2.66
2021,8,17,4.07,-999,-999,-999,25.58,22.97,24.27,25.8,7.23,29.98,22.74,17.88,86.44,13.56,98.49,1.27,166.81,4.01
2021,8,18,-999,-999,-999,-999,23.97,22.5,23.23,24.12,4.08,26.49,22.42,17.4,91.81,8.79,98.44,1.36,263.62,3.49
2021,8,19,5.67,-999,-999,-999,24.05,22.79,23.42,24.14,4.65,26.82,22.17,17.76,92.94,16.13,98.34,1.87,271.31,3.78
2021,8,20,2.93,-999,-999,-999,24.31,23.01,23.65,24.36,4.42,26.97,22.55,18.01,92.75,16.85,98.39,1.55,258.69,3.89
2021,8,21,6.55,-999,-999,-999,25.16,22.98,24.07,25.12,6.02,28.43,22.4,17.94,88.19,4.54,98.39,1.61,212.81,3.27
2021,8,22,4.81,-999,-999,-999,24.65,22.96,23.8,24.53,3.99,27.03,23.04,17.94,90.56,9.51,98.41,1.31,195.56,3.05
2021,8,23,5.71,-999,-999,-999,24.87,22.51,23.69,24.62,6.1,28.13,22.02,17.4,87.12,3.28,98.39,1.55,243.38,3.02
2021,8,24,3.89,-999,-999,-999,24.51,22.62,23.57,24.33,5.03,27.49,22.47,17.58,89.56,12.33,98.38,2.01,235.31,4.9
2021,8,25,6.42,-999,-999,-999,24.82,22.49,23.65,24.68,6.08,28.32,22.23,17.4,87.31,3.09,98.3,1.61,199.88,3.69
2021,8,26,5.78,-999,-999,-999,25.6,22.76,24.18,25.52,7.17,29.84,22.67,17.7,85.38,2.69,98.24,1.55,166.75,3.91
2021,8,27,5.73,-999,-999,-999,25.42,23.04,24.23,25.51,7,29.62,22.62,18.01,87.5,2.81,98.22,1.85,153.56,3.78
2021,8,28,6.44,-999,-999,-999,25.69,23.13,24.41,25.83,7.18,29.71,22.53,18.13,86.62,3.19,98.15,1.76,155.25,3.4
2021,8,29,4.71,-999,-999,-999,24.73,23.21,23.98,24.69,4.45,27.35,22.9,18.25,91.56,8.06,98.19,1.67,166.06,3.45
2021,8,30,5.13,-999,-999,-999,25.15,22.99,24.07,25.19,6.69,29.08,22.4,17.94,88.38,3.52,98.28,1.88,182.5,4.02
2021,8,31,4.92,-999,-999,-999,25.04,22.94,23.99,25.02,5.23,28.01,22.79,17.88,88.62,4.66,98.33,1.96,194.44,4.35
2021,9,1,4.4,-999,-999,-999,24.65,23.14,23.89,24.63,3.93,27.14,23.21,18.13,91.69,12.29,98.38,2.01,237.88,4.3
2021,9,2,3.1,-999,-999,-999,24.65,22.41,23.53,24.7,5.39,27.94,22.55,17.33,87.94,4.82,98.38,1.48,189.5,3.2
2021,9,3,-999,-999,-999,-999,25.4,22.37,23.88,25.3,7.08,29.23,22.14,17.27,84.06,2.51,98.31,1.48,193.94,3.1
2021,9,4,4.52,-999,-999,-999,25.73,22.09,23.91,25.44,6.55,29.28,22.73,16.97,80.88,2.36,98.34,1.2,169.06,2.37
2021,9,5,5.78,-999,-999,-999,26.11,22.64,24.37,26.23,8.87,30.87,22.01,17.52,82.31,0.64,98.3,1.05,152.5,2.91
2021,9,6,4.08,-999,-999,-999,26,22.35,24.18,26.01,8.52,30.42,21.9,17.21,81.19,3.55,98.37,0.77,119.06,2.38
2021,9,7,5.67,-999,-999,-999,25.65,22.99,24.32,25.63,6.41,29.44,23.02,17.94,85.94,3.58,98.39,1.83,268,4.12
2021,9,8,4.32,-999,-999,-999,25.01,23.02,24.01,25.04,6.68,28.62,21.94,18.01,89.31,3.74,98.35,2.22,251.44,4.92
2021,9,9,5.81,-999,-999,-999,25.84,22.59,24.22,25.79,7.27,29.9,22.63,17.46,83.06,1.47,98.36,2.25,233.56,4.76
2021,9,10,5.5,-999,-999,-999,25.09,23.11,24.1,25.08,4.98,28.01,23.02,18.07,89.19,5.45,98.37,1.65,220.69,3.41
2021,9,11,5.63,-999,-999,-999,25.74,23.21,24.48,25.58,6.95,29.5,22.55,18.19,86.44,3.5,98.28,1.65,175.06,3.59
2021,9,12,5.02,-999,-999,-999,25.46,23.61,24.53,25.29,5.17,28.68,23.51,18.68,89.81,11.89,98.2,1.52,192.44,3.89
2021,9,13,3.73,-999,-999,-999,24.53,22.65,23.58,24.67,5.42,27.9,22.48,17.58,89.81,7.86,98.36,1.84,265.56,4.34
2021,9,14,5.57,-999,-999,-999,25.15,22.4,23.78,25.11,6.71,28.95,22.24,17.27,85.31,1.79,98.43,1.48,190.94,3.44
2021,9,15,5.25,-999,-999,-999,25.54,22.7,24.12,25.56,7.3,29.71,22.4,17.58,85.19,1.39,98.42,1.29,138.5,3.92
2021,9,16,5.82,-999,-999,-999,25.83,22.76,24.3,26.07,9.31,31.01,21.71,17.7,84.31,1.6,98.29,1.63,122.56,3.53
2021,9,17,5.91,-999,-999,-999,26.25,23.2,24.73,26.45,8.14,31.21,23.07,18.19,84.56,1.64,98.22,1.67,115.5,3.83
2021,9,18,3.99,-999,-999,-999,25.97,22.87,24.42,26.28,8.48,30.51,22.03,17.82,84.12,3.23,98.29,1.41,146.94,3.34
2021,9,19,-999,-999,-999,-999,24.72,22.9,23.81,24.8,5.09,27.7,22.6,17.82,89.94,7.78,98.42,2.18,213.19,5.82
2021,9,20,5.88,-999,-999,-999,25.64,22.73,24.19,25.62,6.9,29.6,22.7,17.64,84.69,4.28,98.39,1.96,240.25,4.41
2021,9,21,6.24,-999,-999,-999,26.02,23.17,24.6,25.96,7.05,30,22.95,18.13,85,4.05,98.26,1.76,241.38,3.72
2021,9,22,5.39,-999,-999,-999,25.44,23.23,24.33,25.13,5.17,28.3,23.12,18.25,87.94,4.03,98.27,1.66,220.94,3.76
2021,9,23,6.52,-999,-999,-999,25.74,22.76,24.26,25.39,6.45,29.36,22.91,17.7,84.12,0.5,98.28,1.66,218.06,4.21
2021,9,24,4.91,-999,-999,-999,26.4,23.13,24.76,26.08,7.16,30.36,23.19,18.07,82.81,2.18,98.28,1.13,172.19,2.16
2021,9,25,5.23,-999,-999,-999,26.15,22.92,24.54,25.82,6.65,29.81,23.17,17.88,82.81,2.49,98.17,0.83,108.56,4.07
2021,9,26,5.73,-999,-999,-999,26.01,23.53,24.76,26.33,8.02,30.36,22.33,18.55,87.19,75.06,98.09,1.29,109.31,3.94
2021,9,27,5.38,-999,-999,-999,25.26,23.76,24.51,25.18,3.91,27.59,23.68,18.86,91.62,144.35,98.16,1.2,201.62,3.14
2021,9,28,4.45,-999,-999,-999,25.98,23.71,24.84,26.05,6.91,29.66,22.76,18.8,87.88,21.74,98.17,0.91,287.06,2.65
2021,9,29,2.46,-999,-999,-999,24.86,23.97,24.41,24.87,4.53,27.1,22.57,19.17,94.94,164.59,98.16,1.59,185.69,5.05
2021,9,30,4.63,-999,-999,-999,25.01,23.03,24.02,25.15,6.13,28.49,22.36,18.01,89.31,3.15,98.3,1.88,211.19,4.24
2021,10,1,3.98,-999,-999,-999,24.87,23.1,23.99,25,5.66,28.44,22.79,18.07,90.44,13.07,98.45,2.12,186.12,4.19
2021,10,2,4.46,-999,-999,-999,25.02,22.72,23.87,25.01,6.63,28.82,22.19,17.64,87.62,3.75,98.37,1.73,148,4.24
2021,10,3,6.08,-999,-999,-999,26.33,22.55,24.44,26.24,9.15,31.52,22.37,17.46,80.94,0.18,98.29,1.3,155.38,3.06
2021,10,4,4.94,-999,-999,-999,26.37,23.18,24.77,25.94,6.46,29.94,23.48,18.13,83.12,1.72,98.2,1.41,263.5,3.53
2021,10,5,-999,-999,-999,-999,25.07,23.19,24.13,24.97,5.13,28.26,23.12,18.19,89.81,5.29,98.21,2.36,295.12,5.95
2021,10,6,4.51,-999,-999,-999,25.15,23.22,24.18,25.15,6.59,28.83,22.25,18.25,89.56,2.08,98.13,2.73,300.12,6.84
2021,10,7,3.49,-999,-999,-999,25.29,23.64,24.47,25.28,6.3,28.74,22.44,18.74,91.06,4.88,98.17,2.48,295.62,6.05
2021,10,8,6.04,-999,-999,-999,26.12,23.71,24.92,25.73,5.77,29.14,23.36,18.74,87,4.21,98.19,1.79,245.69,4.27
2021,10,9,5.85,-999,-999,-999,26.75,23.73,25.24,25.92,5.91,29.89,23.98,18.8,83.69,1.66,98.22,1.44,216.25,3.52
2021,10,10,4.47,-999,-999,-999,26.15,23.96,25.05,26.01,5.77,29.35,23.58,19.04,88.25,5.29,98.25,1.73,265.81,4.41
2021,10,11,5.74,-999,-999,-999,25.84,23.4,24.62,25.75,6.03,29.3,23.28,18.43,86.88,1.72,98.17,2.08,221.19,4.61
2021,10,12,5.74,-999,-999,-999,26.54,23.36,24.94,26,6.54,29.88,23.34,18.37,83.12,1.74,98.13,1.81,230.81,3.7
2021,10,13,6.1,-999,-999,-999,26.28,23.85,25.06,25.91,5.08,29.23,24.15,18.98,86.81,4.52,98.08,1.73,223.62,3.24
2021,10,14,5.63,-999,-999,-999,26.33,23.83,25.08,26.14,6.02,29.88,23.86,18.92,86.69,1.83,98.09,2.22,188.94,4.82
2021,10,15,6.28,6.74,-999,-999,26.25,23.08,24.67,25.83,5.58,29.17,23.59,18.07,83.31,1.8,98.06,2,183.62,4.27
2021,10,16,5.04,-999,-999,-999,26.56,23.66,25.11,26.15,5.51,29.4,23.9,18.74,84.25,5.06,98.12,1.46,155.44,2.98
2021,10,17,2.94,-999,-999,-999,25.99,23.96,24.98,25.96,6.92,30.73,23.8,19.04,89.19,34.37,98.26,1.21,221.75,3.09
2021,10,18,5.51,-999,-999,-999,25.62,22.89,24.26,25.81,7.19,29.56,22.37,17.82,85.75,5.28,98.39,1.45,204.38,3.47
2021,10,19,5.42,-999,-999,-999,25.94,23.43,24.69,26.15,7.62,30.15,22.54,18.37,86.88,6.17,98.58,1.52,128.38,3.95
2021,10,20,2.54,-999,-999,-999,25.4,23.65,24.52,25.43,4.73,28.3,23.57,18.62,90.44,10.96,98.63,1.71,100.56,3.97
2021,10,21,-999,-999,-999,-999,25.77,23,24.39,25.95,7.55,29.95,22.4,17.88,85.56,4.48,98.55,1.19,281.75,2.42
2021,10,22,4.57,-999,-999,-999,26.23,22.91,24.57,25.96,6.8,29.46,22.66,17.76,82.56,4.18,98.53,0.83,292.94,2.55
2021,10,23,5.2,-999,-999,-999,26.65,23.24,24.94,26.65,7.9,30.58,22.68,18.19,82.25,6.37,98.49,0.99,179.69,2.31
2021,10,24,4.34,-999,-999,-999,24.51,23.23,23.87,24.56,5.26,27.26,22,18.25,92.75,56.32,98.41,1.55,190.5,5.12
2021,10,25,4.37,-999,-999,-999,24.86,22.36,23.61,25.12,9.72,30.29,20.57,17.33,86.88,47.49,98.3,1.16,268,3.2
2021,10,26,5.28,-999,-999,-999,26.42,23.8,25.11,26.35,6.9,30.48,23.58,18.86,86.25,46.09,98.23,0.92,225.69,3.13
2021,10,27,5.49,-999,-999,-999,25.55,23.8,24.68,25.44,4.9,28.57,23.66,18.86,90.31,7.01,98.32,1.75,178.44,4.4
2021,10,28,5.23,-999,-999,-999,25.94,23.57,24.76,25.87,5.83,29.51,23.68,18.55,87.38,7.06,98.36,1.59,188.56,3.88
2021,10,29,6.1,-999,-999,-999,25.2,23.54,24.37,25.19,5.96,28.73,22.76,18.55,91,4.58,98.44,1.87,98.94,4.06
2021,10,30,2.07,-999,-999,-999,26.23,23.65,24.94,26.46,7.65,30.58,22.94,18.62,86.69,12.98,98.46,1.21,121.44,3.59
2021,10,31,4.95,-999,-999,-999,25.69,23.68,24.68,25.91,5.35,28.85,23.5,18.68,89.25,45.4,98.45,1.3,197.12,3.13
2021,11,1,5.7,-999,-999,-999,25.41,23.74,24.58,25.35,4.7,27.96,23.26,18.8,90.81,21.19,98.42,0.96,249.38,3.2
2021,11,2,3.18,-999,-999,-999,25.18,22.94,24.06,25.27,6.79,29.28,22.49,17.88,88.19,3.7,98.42,1.48,67.88,3.09
2021,11,3,-999,-999,-999,-999,24.1,22.73,23.41,24.1,3.95,26.13,22.18,17.7,92.25,14.22,98.36,1.51,318.12,3.22
2021,11,4,4.22,-999,-999,-999,25.72,23.76,24.73,25.75,6.16,29.02,22.87,18.8,89.38,12.23,98.3,1.14,292.25,3.43
2021,11,5,3.53,-999,-999,-999,25.42,23.8,24.62,25.12,3.89,27.65,23.76,18.92,91,15.63,98.23,1.17,229.06,3.08
2021,11,6,-999,-999,-999,-999,26.52,23.58,25.05,26.26,6.61,30.38,23.77,18.68,84.62,9.6,98.04,1.05,246.62,3.19
2021,11,7,4.16,-999,-999,-999,24.98,23.99,24.48,24.95,3.73,27.2,23.46,19.17,94.38,32.15,98.06,1.52,212.81,3.86
2021,11,8,5.47,-999,-999,-999,26.59,23.65,25.12,26.7,7.72,30.56,22.84,18.68,84.62,4.39,98.1,1.2,131.69,3.19
2021,11,9,4.6,-999,-999,-999,26.58,24.17,25.37,26.51,6.73,30.44,23.7,19.29,87.31,11.41,98.15,0.96,209.75,3.34
2021,11,10,2.47,-999,-999,-999,25.65,23.93,24.79,25.79,4.09,28.29,24.2,19.04,90.69,50.65,98.25,1.45,302,4.95
2021,11,11,4.19,-999,-999,-999,24.8,23.96,24.38,24.8,3.1,26.52,23.42,19.1,95.19,45.66,98.19,2.05,272.19,4.65
2021,11,12,3.73,-999,-999,-999,24.76,23.48,24.12,24.84,4.41,27.53,23.12,18.49,92.81,3.84,98.27,2.78,290.88,6.34
2021,11,13,4.28,-999,-999,-999,24.88,23.69,24.29,24.89,5.09,27.83,22.74,18.8,93.38,10.72,98.3,2.23,296.12,5.44
2021,11,14,3.78,-999,-999,-999,25.75,22.87,24.31,25.58,7.06,30.01,22.94,17.82,85,6.77,98.31,1.33,261.31,3.09
2021,11,15,5.4,-999,-999,-999,25.51,23.01,24.26,25.28,6.72,29.07,22.35,18.01,86.56,0.67,98.22,1.32,162.75,2.83
2021,11,16,4.64,-999,-999,-999,26.59,23.13,24.86,26.27,6.98,30.45,23.48,18.13,82.38,1.69,98.14,1.06,208.25,2.93
2021,11,17,3.42,-999,-999,-999,24.56,23.12,23.84,24.44,3.94,26.92,22.98,18.13,91.88,7.64,98.27,1.73,250,4.49
2021,11,18,4.51,-999,-999,-999,25.11,22.65,23.88,25.24,7.92,29.62,21.69,17.58,87.19,2.68,98.16,1.39,266.25,3.34
2021,11,19,5.87,-999,-999,-999,25.69,23.6,24.64,25.71,6.64,29.37,22.73,18.68,88.94,6.04,98.05,1.66,308.94,3.3
2021,11,20,5.3,-999,-999,-999,25.11,23.86,24.48,25.04,3.46,27.33,23.86,18.98,93,11.04,98.08,1.71,257.5,5.11
2021,11,21,4.75,-999,-999,-999,25.54,23.94,24.74,25.47,5.09,28.44,23.34,19.1,91.25,76.19,98.16,1.43,217.12,4.3
2021,11,22,-999,-999,-999,-999,25.59,23.9,24.74,25.47,5.48,28.78,23.3,18.98,90.69,9.15,98.19,1.7,275.12,3.54
2021,11,23,4.05,-999,-999,-999,25.08,23.55,24.32,25.01,4.77,27.81,23.05,18.62,91.5,36.94,98.19,1.62,242.12,3.74
2021,11,24,3.97,-999,-999,-999,24.77,22.63,23.7,24.65,4.51,27.25,22.74,17.58,88.25,38.03,98.3,1.05,162.19,2.95
2021,11,25,4.45,-999,-999,-999,25.08,22.98,24.04,25.06,6.2,28.9,22.72,17.94,88.62,25.1,98.26,1.09,177.62,2.91
2021,11,26,1.92,-999,-999,-999,24.28,23.24,23.76,24.32,4.08,26.62,22.53,18.25,94.12,29.99,98.31,1.61,293.31,3.27
2021,11,27,4.1,-999,-999,-999,25.13,23.31,24.23,25.23,5.86,28.51,22.65,18.31,90.19,13.37,98.29,1.45,303.81,3.8
2021,11,28,4.29,-999,-999,-999,24.65,23.01,23.83,24.65,4.77,27.48,22.72,18.01,91,15.18,98.28,1.8,263.81,4.34
2021,11,29,5.56,-999,-999,-999,24.78,23.04,23.9,24.87,5.63,28.15,22.52,18.01,90.44,1.51,98.25,2.8,283.75,6.3
2021,11,30,5.17,-999,-999,-999,25.48,23.08,24.28,25.24,6.61,28.76,22.15,18.07,87,2.35,98.24,1.98,258.75,4.63
2021,12,1,5.54,-999,-999,-999,25.61,23.15,24.38,25.17,5.8,28.74,22.94,18.13,86.62,3.13,98.28,1.74,145.44,3.56
2021,12,2,1.13,-999,-999,-999,25.3,22.79,24.05,25.18,5.95,28.5,22.55,17.7,86.44,8.73,98.44,1.11,182.44,3.95
2021,12,3,2.03,-999,-999,-999,24.12,22.5,23.31,24.01,5.23,27.09,21.87,17.4,91,2.73,98.54,1.8,184.06,4.43
2021,12,4,5.95,-999,-999,-999,24.9,22.78,23.84,24.78,6.73,28.4,21.67,17.7,88.38,9.9,98.5,1.56,116.94,4.55
2021,12,5,4.41,-999,-999,-999,24.79,23.46,24.12,24.65,3.13,26.45,23.31,18.49,92.56,141.99,98.4,1.01,224.62,2.91
2021,12,6,4.49,-999,-999,-999,23.97,22.15,23.06,24.18,5.19,27.18,21.99,17.03,90.06,12.27,98.42,1.52,67.44,4.19
2021,12,7,5.75,6.3,-999,-999,24.85,22.55,23.7,25,7.45,29.02,21.57,17.46,87.69,2.37,98.43,2.24,38.19,4.8
2021,12,8,-999,-999,-999,-999,24.91,22.98,23.95,25,7.07,29.08,22.01,17.94,89.56,2.43,98.4,2.53,51.56,5.99
2021,12,9,5.41,-999,-999,-999,25.16,22.7,23.93,25.3,7.96,29.67,21.71,17.64,87,1.05,98.41,2.3,36,5.04
2021,12,10,3.52,-999,-999,-999,25.4,23.23,24.31,25.54,7.3,29.59,22.3,18.19,88.5,5.68,98.42,1.98,40.62,4.66
2021,12,11,4.68,-999,-999,-999,25.16,23.36,24.26,25.27,6.46,28.77,22.31,18.37,90.25,7.69,98.43,1.88,45.25,4.38
2021,12,12,4.35,-999,-999,-999,25.29,23.27,24.28,25.44,7.16,29.14,21.98,18.25,89.19,7,98.4,2.09,46.31,4.78
2021,12,13,5.41,-999,-999,-999,25.53,23.1,24.32,25.73,7.84,29.91,22.07,18.07,87.25,4.78,98.33,1.8,59.06,4.12
2021,12,14,5.57,-999,-999,-999,25.71,23.3,24.5,25.93,8.5,30.08,21.58,18.31,87.31,9.85,98.21,1.78,29.88,4.3
2021,12,15,-999,-999,-999,-999,25.58,23.64,24.61,25.63,6.31,29.21,22.9,18.68,89.56,7.55,98.2,1.62,124,3.94
2021,12,16,2.56,-999,-999,-999,25.29,23.5,24.39,25.34,4.84,28.26,23.41,18.49,90.25,43.41,98.27,1.71,250.06,4.01
2021,12,17,1.42,-999,-999,-999,24.88,24.2,24.54,24.82,2.09,26.12,24.03,19.41,96.12,138.11,98.03,4.02,250.81,8.3
2021,12,18,0.77,-999,-999,-999,24.02,22.9,23.47,23.98,3.63,26.41,22.78,17.88,93.62,41.3,98.3,1.18,212.94,4.18
2021,12,19,3.68,-999,-999,-999,23.86,22.38,23.12,23.77,4.43,26.48,22.05,17.27,91.69,14.9,98.45,1.28,309.94,3.45
2021,12,20,5.54,-999,-999,-999,25.49,22.24,23.87,25.08,6.81,28.65,21.83,17.09,82.62,1.97,98.57,1.17,186.31,2.59
2021,12,21,5.1,-999,-999,-999,25.72,22.66,24.19,25.4,7.91,29.68,21.77,17.58,83.75,0.59,98.49,1.45,144.31,3.48
2021,12,22,3.58,-999,-999,-999,24.76,22.94,23.85,24.48,5.31,27.48,22.16,17.88,89.94,3.05,98.43,1.32,212.75,3.01
2021,12,23,4.28,-999,-999,-999,24.67,23.43,24.05,24.55,4.59,27.32,22.73,18.43,93.06,7.37,98.38,1.71,299.94,4.17
2021,12,24,-999,-999,-999,-999,25.12,23.39,24.26,25.01,6.02,28.48,22.47,18.43,90.44,11.84,98.34,1.62,258.56,4.49
2021,12,25,5.52,6.31,-999,-999,26.01,23.59,24.8,25.99,7.09,29.87,22.78,18.62,87.19,11,98.37,1.23,116.38,3.22
2021,12,26,5.89,-999,-999,-999,25.85,23.55,24.69,26.01,7.4,29.83,22.44,18.55,87.81,8.6,98.47,1.69,108.44,4.44
2021,12,27,5.68,-999,-999,-999,25.6,22.74,24.17,25.69,7.79,30.02,22.23,17.64,85.06,2.35,98.52,1.9,135,5.27
2021,12,28,5.98,-999,-999,-999,25.03,22.38,23.71,25.14,8.55,29.65,21.09,17.27,86.19,0.38,98.45,2.04,37.88,4.68
2021,12,29,4.99,-999,-999,-999,25.55,22.79,24.17,25.69,9.2,30.26,21.07,17.7,85.69,6.38,98.38,1.9,47.69,4.61
2021,12,30,3.37,-999,-999,-999,24.82,23.54,24.18,24.83,4.84,27.65,22.81,18.55,92.88,17.41,98.41,2.13,38.56,5.38
2021,12,31,2.56,-999,-999,-999,24.68,23.29,23.98,24.73,5.43,27.97,22.54,18.31,92.31,10.88,98.45,2.8,40.5,6.74
